{
  "config": {
    "ignore_stop_words": true,
    "max_pattern_length": 1000,
    "max_queries": 500,
    "unit_name": "deterministic_intent_parser"
  },
  "group_names_to_slot_names": {
    "group0": "boolean",
    "group1": "duration",
    "group2": "number",
    "group3": "percentage",
    "group4": "property",
    "group5": "thing",
    "group6": "time",
    "group7": "timer_last",
    "group8": "timer_type"
  },
  "language_code": "en",
  "patterns": {
    "createcandle:get_state": [
      "^\\s*what\\s*are\\s*(?P<group5>%THING%)\\s*(?P<group4>%PROPERTY%)\\s*levels\\s*$",
      "^\\s*what\\s*are\\s*(?P<group4>%PROPERTY%)\\s*levels\\s*of\\s*(?P<group5>%THING%)\\s*$",
      "^\\s*how\\s*much\\s*(?P<group4>%PROPERTY%)\\s*has\\s*(?P<group5>%THING%)\\s*measured\\s*$",
      "^\\s*tell\\s*(?P<group4>%PROPERTY%)\\s*of\\s*(?P<group5>%THING%)\\s*$",
      "^\\s*list\\s*(?P<group4>%PROPERTY%)\\s*values\\s*of\\s*(?P<group5>%THING%)\\s*$",
      "^\\s*what\\s*is\\s*(?P<group4>%PROPERTY%)\\s*level\\s*of\\s*(?P<group5>%THING%)\\s*$",
      "^\\s*list\\s*(?P<group5>%THING%)\\s*(?P<group4>%PROPERTY%)\\s*values\\s*$",
      "^\\s*what\\s*are\\s*(?P<group5>%THING%)\\s*(?P<group4>%PROPERTY%)\\s*values\\s*$",
      "^\\s*what\\s*is\\s*value\\s*of\\s*(?P<group5>%THING%)\\s*$",
      "^\\s*what\\s*is\\s*(?P<group5>%THING%)\\s*(?P<group4>%PROPERTY%)\\s*level\\s*$",
      "^\\s*what\\s*is\\s*(?P<group4>%PROPERTY%)\\s*of\\s*(?P<group5>%THING%)\\s*$",
      "^\\s*what\\s*does\\s*(?P<group5>%THING%)\\s*say\\s*$",
      "^\\s*what\\s*does\\s*(?P<group5>%THING%)\\s*indicate\\s*$",
      "^\\s*what\\s*does\\s*(?P<group5>%THING%)\\s*(?P<group4>%PROPERTY%)\\s*level\\s*say\\s*$",
      "^\\s*what\\s*does\\s*(?P<group5>%THING%)\\s*(?P<group4>%PROPERTY%)\\s*indicate\\s*$",
      "^\\s*what\\s*is\\s*state\\s*of\\s*(?P<group4>%PROPERTY%)\\s*of\\s*(?P<group5>%THING%)\\s*$",
      "^\\s*what\\s*does\\s*(?P<group4>%PROPERTY%)\\s*of\\s*(?P<group5>%THING%)\\s*indicate\\s*$",
      "^\\s*what\\s*level\\s*is\\s*(?P<group4>%PROPERTY%)\\s*sensor\\s*of\\s*(?P<group5>%THING%)\\s*$",
      "^\\s*what\\s*level\\s*is\\s*(?P<group4>%PROPERTY%)\\s*of\\s*(?P<group5>%THING%)\\s*$",
      "^\\s*what\\s*level\\s*is\\s*(?P<group5>%THING%)\\s*$",
      "^\\s*how\\s*much\\s*is\\s*(?P<group5>%THING%)\\s*indicating\\s*$",
      "^\\s*how\\s*high\\s*is\\s*(?P<group5>%THING%)\\s*$",
      "^\\s*how\\s*bad\\s*is\\s*(?P<group5>%THING%)\\s*$",
      "^\\s*how\\s*(?P<group4>%PROPERTY%)\\s*is\\s*(?P<group5>%THING%)\\s*$",
      "^\\s*what\\s*is\\s*current\\s*(?P<group4>%PROPERTY%)\\s*of\\s*(?P<group5>%THING%)\\s*$",
      "^\\s*how\\s*many\\s*(?P<group4>%PROPERTY%)\\s*is\\s*(?P<group5>%THING%)\\s*showing\\s*$",
      "^\\s*what\\s*is\\s*weather\\s*(?P<group4>%PROPERTY%)\\s*of\\s*(?P<group5>%THING%)\\s*$",
      "^\\s*how\\s*much\\s*(?P<group4>%PROPERTY%)\\s*is\\s*in\\s*(?P<group5>%THING%)\\s*$",
      "^\\s*how\\s*much\\s*(?P<group4>%PROPERTY%)\\s*did\\s*(?P<group5>%THING%)\\s*detect\\s*$",
      "^\\s*how\\s*high\\s*is\\s*(?P<group4>%PROPERTY%)\\s*sensor\\s*of\\s*(?P<group4_2>%PROPERTY%)\\s*$",
      "^\\s*how\\s*moist\\s*is\\s*(?P<group4>%PROPERTY%)\\s*sensor\\s*of\\s*(?P<group5>%THING%)\\s*$",
      "^\\s*how\\s*much\\s*is\\s*(?P<group4>%PROPERTY%)\\s*of\\s*(?P<group5>%THING%)\\s*$",
      "^\\s*how\\s*high\\s*is\\s*(?P<group4>%PROPERTY%)\\s*of\\s*(?P<group5>%THING%)\\s*$"
    ],
    "createcandle:set_state": [
      "^\\s*(?P<group0>%BOOLEAN%)\\s*(?P<group5>%THING%)\\s*(?P<group1>%SNIPSDURATION%)\\s*$",
      "^\\s*(?P<group0>%BOOLEAN%)\\s*(?P<group5>%THING%)\\s*(?P<group6>%SNIPSDATETIME%)\\s*$",
      "^\\s*(?P<group0>%BOOLEAN%)\\s*(?P<group5>%THING%)\\s*between\\s*(?P<group6>%SNIPSDATETIME%)\\s*$",
      "^\\s*(?P<group0>%BOOLEAN%)\\s*(?P<group5>%THING%)\\s*for\\s*next\\s*(?P<group1>%SNIPSDURATION%)\\s*$",
      "^\\s*for\\s*next\\s*(?P<group1>%SNIPSDURATION%)\\s*(?P<group0>%BOOLEAN%)\\s*(?P<group5>%THING%)\\s*$",
      "^\\s*(?P<group1>%SNIPSDURATION%)\\s*(?P<group0>%BOOLEAN%)\\s*(?P<group5>%THING%)\\s*$",
      "^\\s*turn\\s*(?P<group5>%THING%)\\s*(?P<group0>%BOOLEAN%)\\s*(?P<group1>%SNIPSDURATION%)\\s*$",
      "^\\s*(?P<group6>%SNIPSDATETIME%)\\s*(?P<group0>%BOOLEAN%)\\s*(?P<group5>%THING%)\\s*$",
      "^\\s*set\\s*(?P<group2>%SNIPSNUMBER%)\\s*(?P<group4>%PROPERTY%)\\s*of\\s*(?P<group5>%THING%)\\s*(?P<group0>%BOOLEAN%)\\s*$",
      "^\\s*(?P<group0>%BOOLEAN%)\\s*(?P<group5>%THING%)\\s*at\\s*(?P<group6>%SNIPSDATETIME%)\\s*$",
      "^\\s*(?P<group0>%BOOLEAN%)\\s*(?P<group2>%SNIPSNUMBER%)\\s*(?P<group4>%PROPERTY%)\\s*on\\s*(?P<group5>%THING%)\\s*$",
      "^\\s*(?P<group0>%BOOLEAN%)\\s*(?P<group2>%SNIPSNUMBER%)\\s*(?P<group4>%PROPERTY%)\\s*of\\s*(?P<group5>%THING%)\\s*$",
      "^\\s*(?P<group0>%BOOLEAN%)\\s*(?P<group2>%SNIPSNUMBER%)\\s*(?P<group4>%PROPERTY%)\\s*on\\s*(?P<group5>%THING%)\\s*when\\s*it\\s*s\\s*(?P<group6>%SNIPSDATETIME%)\\s*$",
      "^\\s*(?P<group0>%BOOLEAN%)\\s*(?P<group5>%THING%)\\s*when\\s*it\\s*s\\s*(?P<group6>%SNIPSDATETIME%)\\s*$",
      "^\\s*(?P<group0>%BOOLEAN%)\\s*(?P<group2>%SNIPSNUMBER%)\\s*(?P<group4>%PROPERTY%)\\s*of\\s*(?P<group5>%THING%)\\s*when\\s*it\\s*s\\s*(?P<group6>%SNIPSDATETIME%)\\s*$",
      "^\\s*(?P<group0>%BOOLEAN%)\\s*(?P<group2>%SNIPSNUMBER%)\\s*(?P<group4>%PROPERTY%)\\s*of\\s*(?P<group5>%THING%)\\s*at\\s*(?P<group6>%SNIPSDATETIME%)\\s*$",
      "^\\s*at\\s*(?P<group6>%SNIPSDATETIME%)\\s*(?P<group0>%BOOLEAN%)\\s*(?P<group5>%THING%)\\s*$",
      "^\\s*in\\s*(?P<group1>%SNIPSDURATION%)\\s*(?P<group0>%BOOLEAN%)\\s*(?P<group5>%THING%)\\s*$",
      "^\\s*in\\s*(?P<group1>%SNIPSDURATION%)\\s*shut\\s*(?P<group0>%BOOLEAN%)\\s*(?P<group5>%THING%)\\s*$",
      "^\\s*after\\s*(?P<group1>%SNIPSDURATION%)\\s*(?P<group0>%BOOLEAN%)\\s*(?P<group5>%THING%)\\s*$",
      "^\\s*switch\\s*(?P<group0>%BOOLEAN%)\\s*(?P<group2>%SNIPSNUMBER%)\\s*(?P<group4>%PROPERTY%)\\s*of\\s*(?P<group5>%THING%)\\s*at\\s*(?P<group6>%SNIPSDATETIME%)\\s*$",
      "^\\s*switch\\s*(?P<group0>%BOOLEAN%)\\s*(?P<group5>%THING%)\\s*at\\s*(?P<group6>%SNIPSDATETIME%)\\s*$",
      "^\\s*at\\s*(?P<group6>%SNIPSDATETIME%)\\s*precisely\\s*(?P<group0>%BOOLEAN%)\\s*(?P<group5>%THING%)\\s*$",
      "^\\s*(?P<group0>%BOOLEAN%)\\s*(?P<group5>%THING%)\\s*after\\s*(?P<group1>%SNIPSDURATION%)\\s*$",
      "^\\s*wait\\s*(?P<group1>%SNIPSDURATION%)\\s*(?P<group0>%BOOLEAN%)\\s*(?P<group5>%THING%)\\s*$",
      "^\\s*after\\s*(?P<group1>%SNIPSDURATION%)\\s*turn\\s*(?P<group0>%BOOLEAN%)\\s*(?P<group5>%THING%)\\s*$",
      "^\\s*in\\s*(?P<group1>%SNIPSDURATION%)\\s*(?P<group0>%BOOLEAN%)\\s*(?P<group2>%SNIPSNUMBER%)\\s*(?P<group4>%PROPERTY%)\\s*of\\s*(?P<group5>%THING%)\\s*$",
      "^\\s*switch\\s*(?P<group0>%BOOLEAN%)\\s*(?P<group2>%SNIPSNUMBER%)\\s*(?P<group4>%PROPERTY%)\\s*of\\s*(?P<group5>%THING%)\\s*in\\s*two\\s*minutes\\s*$",
      "^\\s*(?P<group0>%BOOLEAN%)\\s*(?P<group4>%PROPERTY%)\\s*(?P<group5>%THING%)\\s*$",
      "^\\s*(?P<group0>%BOOLEAN%)\\s*(?P<group5>%THING%)\\s*$",
      "^\\s*switch\\s*(?P<group0>%BOOLEAN%)\\s*(?P<group5>%THING%)\\s*$",
      "^\\s*set\\s*(?P<group5>%THING%)\\s*(?P<group0>%BOOLEAN%)\\s*$",
      "^\\s*turn\\s*(?P<group0>%BOOLEAN%)\\s*(?P<group5>%THING%)\\s*$",
      "^\\s*switch\\s*(?P<group0>%BOOLEAN%)\\s*(?P<group4>%PROPERTY%)\\s*(?P<group2>%SNIPSNUMBER%)\\s*on\\s*(?P<group5>%THING%)\\s*$",
      "^\\s*turn\\s*(?P<group4>%PROPERTY%)\\s*(?P<group2>%SNIPSNUMBER%)\\s*on\\s*(?P<group5>%THING%)\\s*(?P<group0>%BOOLEAN%)\\s*$",
      "^\\s*set\\s*(?P<group4>%PROPERTY%)\\s*(?P<group2>%SNIPSNUMBER%)\\s*on\\s*(?P<group5>%THING%)\\s*be\\s*(?P<group0>%BOOLEAN%)\\s*$",
      "^\\s*(?P<group0>%BOOLEAN%)\\s*(?P<group4>%PROPERTY%)\\s*(?P<group2>%SNIPSNUMBER%)\\s*on\\s*(?P<group5>%THING%)\\s*$",
      "^\\s*(?P<group0>%BOOLEAN%)\\s*(?P<group5>%THING%)\\s*in\\s*living\\s*room\\s*$"
    ],
    "createcandle:set_timer": [
      "^\\s*set\\s*alarm\\s*for\\s*(?P<group6>%SNIPSDATETIME%)\\s*(?P<group6_2>%SNIPSDATETIME%)\\s*$",
      "^\\s*set\\s*alarm\\s*for\\s*(?P<group6>%SNIPSDATETIME%)\\s*$",
      "^\\s*set\\s*(?P<group8>%TIMER_TYPE%)\\s*(?P<group6>%SNIPSDATETIME%)\\s*$",
      "^\\s*(?P<group8>%TIMER_TYPE%)\\s*in\\s*(?P<group6>%SNIPSDATETIME%)\\s*$",
      "^\\s*(?P<group8>%TIMER_TYPE%)\\s*at\\s*(?P<group6>%SNIPSDATETIME%)\\s*$",
      "^\\s*set\\s*(?P<group8>%TIMER_TYPE%)\\s*up\\s*alarm\\s*for\\s*(?P<group6>%SNIPSDATETIME%)\\s*$",
      "^\\s*set\\s*(?P<group8>%TIMER_TYPE%)\\s*for\\s*(?P<group6>%SNIPSDATETIME%)\\s*$",
      "^\\s*create\\s*(?P<group8>%TIMER_TYPE%)\\s*(?P<group6>%SNIPSDATETIME%)\\s*$",
      "^\\s*create\\s*alarm\\s*for\\s*(?P<group6>%SNIPSDATETIME%)\\s*$",
      "^\\s*set\\s*reminder\\s*for\\s*(?P<group6>%SNIPSDATETIME%)\\s*$",
      "^\\s*(?P<group8>%TIMER_TYPE%)\\s*up\\s*at\\s*(?P<group6>%SNIPSDATETIME%)\\s*$",
      "^\\s*set\\s*reminder\\s*for\\s*(?P<group1>%SNIPSDURATION%)\\s*from\\s*$",
      "^\\s*(?P<group8>%TIMER_TYPE%)\\s*up\\s*in\\s*(?P<group1>%SNIPSDURATION%)\\s*$",
      "^\\s*set\\s*alarm\\s*(?P<group8>%TIMER_TYPE%)\\s*up\\s*in\\s*(?P<group1>%SNIPSDURATION%)\\s*$",
      "^\\s*initiate\\s*(?P<group8>%TIMER_TYPE%)\\s*for\\s*(?P<group1>%SNIPSDURATION%)\\s*$",
      "^\\s*set\\s*reminder\\s*for\\s*(?P<group1>%SNIPSDURATION%)\\s*$",
      "^\\s*set\\s*(?P<group8>%TIMER_TYPE%)\\s*for\\s*(?P<group1>%SNIPSDURATION%)\\s*from\\s*$",
      "^\\s*set\\s*alarm\\s*for\\s*(?P<group1>%SNIPSDURATION%)\\s*starting\\s*$",
      "^\\s*beep\\s*in\\s*(?P<group1>%SNIPSDURATION%)\\s*$",
      "^\\s*remind\\s*in\\s*(?P<group1>%SNIPSDURATION%)\\s*$",
      "^\\s*set\\s*cooking\\s*timer\\s*for\\s*(?P<group1>%SNIPSDURATION%)\\s*$",
      "^\\s*let\\s*alarm\\s*go\\s*off\\s*in\\s*(?P<group1>%SNIPSDURATION%)\\s*$",
      "^\\s*make\\s*alarm\\s*for\\s*(?P<group1>%SNIPSDURATION%)\\s*from\\s*$",
      "^\\s*commence\\s*with\\s*(?P<group8>%TIMER_TYPE%)\\s*for\\s*(?P<group1>%SNIPSDURATION%)\\s*$",
      "^\\s*start\\s*(?P<group8>%TIMER_TYPE%)\\s*of\\s*(?P<group1>%SNIPSDURATION%)\\s*$",
      "^\\s*start\\s*(?P<group8>%TIMER_TYPE%)\\s*for\\s*(?P<group1>%SNIPSDURATION%)\\s*starting\\s*$",
      "^\\s*set\\s*(?P<group8>%TIMER_TYPE%)\\s*with\\s*duration\\s*of\\s*(?P<group1>%SNIPSDURATION%)\\s*$",
      "^\\s*generate\\s*(?P<group8>%TIMER_TYPE%)\\s*for\\s*(?P<group1>%SNIPSDURATION%)\\s*$",
      "^\\s*make\\s*(?P<group8>%TIMER_TYPE%)\\s*for\\s*(?P<group1>%SNIPSDURATION%)\\s*$",
      "^\\s*set\\s*alarm\\s*for\\s*(?P<group1>%SNIPSDURATION%)\\s*$",
      "^\\s*set\\s*timer\\s*for\\s*(?P<group1>%SNIPSDURATION%)\\s*$",
      "^\\s*make\\s*create\\s*timer\\s*for\\s*(?P<group1>%SNIPSDURATION%)\\s*$",
      "^\\s*make\\s*timer\\s*for\\s*(?P<group1>%SNIPSDURATION%)\\s*$",
      "^\\s*create\\s*(?P<group8>%TIMER_TYPE%)\\s*for\\s*(?P<group1>%SNIPSDURATION%)\\s*$",
      "^\\s*start\\s*timer\\s*for\\s*(?P<group1>%SNIPSDURATION%)\\s*$",
      "^\\s*create\\s*timer\\s*for\\s*(?P<group1>%SNIPSDURATION%)\\s*$",
      "^\\s*start\\s*(?P<group8>%TIMER_TYPE%)\\s*for\\s*(?P<group1>%SNIPSDURATION%)\\s*$"
    ],
    "createcandle:set_value": [
      "^\\s*change\\s*(?P<group5>%THING%)\\s*(?P<group4>%PROPERTY%)\\s*(?P<group2>%SNIPSNUMBER%)\\s*$",
      "^\\s*set\\s*(?P<group5>%THING%)\\s*(?P<group4>%PROPERTY%)\\s*level\\s*(?P<group3>%SNIPSPERCENTAGE%)\\s*$",
      "^\\s*make\\s*(?P<group4>%PROPERTY%)\\s*of\\s*(?P<group5>%THING%)\\s*(?P<group2>%SNIPSNUMBER%)\\s*$",
      "^\\s*shift\\s*(?P<group4>%PROPERTY%)\\s*of\\s*(?P<group5>%THING%)\\s*(?P<group3>%SNIPSPERCENTAGE%)\\s*$",
      "^\\s*change\\s*(?P<group4>%PROPERTY%)\\s*of\\s*(?P<group5>%THING%)\\s*(?P<group2>%SNIPSNUMBER%)\\s*$",
      "^\\s*change\\s*(?P<group4>%PROPERTY%)\\s*target\\s*level\\s*of\\s*(?P<group5>%THING%)\\s*(?P<group3>%SNIPSPERCENTAGE%)\\s*$",
      "^\\s*set\\s*(?P<group4>%PROPERTY%)\\s*level\\s*of\\s*(?P<group5>%THING%)\\s*(?P<group2>%SNIPSNUMBER%)\\s*$",
      "^\\s*make\\s*(?P<group4>%PROPERTY%)\\s*level\\s*of\\s*(?P<group5>%THING%)\\s*(?P<group2>%SNIPSNUMBER%)\\s*$",
      "^\\s*set\\s*(?P<group5>%THING%)\\s*(?P<group4>%PROPERTY%)\\s*(?P<group2>%SNIPSNUMBER%)\\s*$",
      "^\\s*change\\s*(?P<group4>%PROPERTY%)\\s*of\\s*(?P<group5>%THING%)\\s*(?P<group2>%SNIPSNUMBER%)\\s*degrees\\s*celsius\\s*$",
      "^\\s*set\\s*(?P<group4>%PROPERTY%)\\s*of\\s*(?P<group5>%THING%)\\s*(?P<group2>%SNIPSNUMBER%)\\s*$",
      "^\\s*set\\s*(?P<group4>%PROPERTY%)\\s*of\\s*(?P<group5>%THING%)\\s*(?P<group3>%SNIPSPERCENTAGE%)\\s*$",
      "^\\s*change\\s*(?P<group4>%PROPERTY%)\\s*of\\s*(?P<group5>%THING%)\\s*(?P<group3>%SNIPSPERCENTAGE%)\\s*$",
      "^\\s*change\\s*level\\s*of\\s*(?P<group5>%THING%)\\s*(?P<group3>%SNIPSPERCENTAGE%)\\s*$",
      "^\\s*set\\s*level\\s*of\\s*(?P<group4>%PROPERTY%)\\s*sensor\\s*of\\s*(?P<group5>%THING%)\\s*fifteen\\s*$",
      "^\\s*set\\s*(?P<group5>%THING%)\\s*(?P<group3>%SNIPSPERCENTAGE%)\\s*$",
      "^\\s*set\\s*(?P<group5>%THING%)\\s*(?P<group4>%PROPERTY%)\\s*(?P<group3>%SNIPSPERCENTAGE%)\\s*$",
      "^\\s*move\\s*(?P<group4>%PROPERTY%)\\s*level\\s*of\\s*(?P<group5>%THING%)\\s*(?P<group2>%SNIPSNUMBER%)\\s*degrees\\s*$",
      "^\\s*set\\s*(?P<group4>%PROPERTY%)\\s*of\\s*(?P<group5>%THING%)\\s*(?P<group2>%SNIPSNUMBER%)\\s*degrees\\s*$",
      "^\\s*set\\s*(?P<group4>%PROPERTY%)\\s*level\\s*for\\s*(?P<group4_2>%PROPERTY%)\\s*plant\\s*of\\s*(?P<group5>%THING%)\\s*(?P<group3>%SNIPSPERCENTAGE%)\\s*$"
    ],
    "createcandle:stop_timer": [
      "^\\s*disable\\s*(?P<group7>%TIMER_LAST%)\\s*(?P<group2>%SNIPSNUMBER%)\\s*(?P<group8>%TIMER_TYPE%)\\s*up\\s*alarms\\s*$",
      "^\\s*stop\\s*(?P<group8>%TIMER_TYPE%)\\s*up\\s*alarm\\s*$",
      "^\\s*cancel\\s*(?P<group7>%TIMER_LAST%)\\s*(?P<group8>%TIMER_TYPE%)\\s*up\\s*timer\\s*$",
      "^\\s*cancel\\s*(?P<group7>%TIMER_LAST%)\\s*(?P<group2>%SNIPSNUMBER%)\\s*timers\\s*$",
      "^\\s*remove\\s*(?P<group7>%TIMER_LAST%)\\s*(?P<group2>%SNIPSNUMBER%)\\s*timers\\s*$",
      "^\\s*remove\\s*(?P<group7>%TIMER_LAST%)\\s*timers\\s*$",
      "^\\s*remove\\s*(?P<group7>%TIMER_LAST%)\\s*timer\\s*$",
      "^\\s*abort\\s*(?P<group7>%TIMER_LAST%)\\s*timers\\s*$",
      "^\\s*stop\\s*(?P<group7>%TIMER_LAST%)\\s*(?P<group2>%SNIPSNUMBER%)\\s*timers\\s*$",
      "^\\s*cancel\\s*(?P<group7>%TIMER_LAST%)\\s*(?P<group2>%SNIPSNUMBER%)\\s*of\\s*timers\\s*$",
      "^\\s*cancel\\s*(?P<group7>%TIMER_LAST%)\\s*timer\\s*$",
      "^\\s*delete\\s*(?P<group7>%TIMER_LAST%)\\s*(?P<group2>%SNIPSNUMBER%)\\s*timers\\s*$",
      "^\\s*abort\\s*(?P<group8>%TIMER_TYPE%)\\s*$",
      "^\\s*could\\s*stop\\s*(?P<group7>%TIMER_LAST%)\\s*(?P<group2>%SNIPSNUMBER%)\\s*timers\\s*$",
      "^\\s*stop\\s*(?P<group8>%TIMER_TYPE%)\\s*$",
      "^\\s*houston\\s*stop\\s*(?P<group8>%TIMER_TYPE%)\\s*$",
      "^\\s*i\\s*would\\s*like\\s*stop\\s*(?P<group8>%TIMER_TYPE%)\\s*$",
      "^\\s*turn\\s*off\\s*(?P<group8>%TIMER_TYPE%)\\s*$",
      "^\\s*could\\s*stop\\s*(?P<group7>%TIMER_LAST%)\\s*timer\\s*$",
      "^\\s*disable\\s*(?P<group7>%TIMER_LAST%)\\s*timer\\s*$",
      "^\\s*stop\\s*(?P<group7>%TIMER_LAST%)\\s*timer\\s*$",
      "^\\s*stop\\s*current\\s*(?P<group8>%TIMER_TYPE%)\\s*$",
      "^\\s*stop\\s*(?P<group7>%TIMER_LAST%)\\s*alarms\\s*$",
      "^\\s*cancel\\s*(?P<group7>%TIMER_LAST%)\\s*alarms\\s*$",
      "^\\s*cancel\\s*(?P<group8>%TIMER_TYPE%)\\s*$",
      "^\\s*disable\\s*(?P<group8>%TIMER_TYPE%)\\s*$",
      "^\\s*abort\\s*timer\\s*$",
      "^\\s*quit\\s*timer\\s*$",
      "^\\s*stop\\s*(?P<group7>%TIMER_LAST%)\\s*timers\\s*$",
      "^\\s*stop\\s*timer\\s*$",
      "^\\s*cancel\\s*timers\\s*$",
      "^\\s*cancel\\s*timer\\s*$",
      "^\\s*disable\\s*(?P<group7>%TIMER_LAST%)\\s*timers\\s*$"
    ]
  },
  "slot_names_to_entities": {
    "createcandle:get_state": {
      "property": "Property",
      "thing": "Thing"
    },
    "createcandle:set_state": {
      "boolean": "boolean",
      "duration": "snips/duration",
      "number": "snips/number",
      "property": "Property",
      "thing": "Thing",
      "time": "snips/datetime"
    },
    "createcandle:set_timer": {
      "duration": "snips/duration",
      "time": "snips/datetime",
      "timer_type": "timer_type"
    },
    "createcandle:set_value": {
      "number": "snips/number",
      "percentage": "snips/percentage",
      "property": "Property",
      "thing": "Thing"
    },
    "createcandle:stop_timer": {
      "number": "snips/number",
      "timer_last": "timer_last",
      "timer_type": "timer_type"
    }
  },
  "stop_words_whitelist": {}
}