{
  "config": {
    "ignore_stop_words": true,
    "unit_name": "lookup_intent_parser"
  },
  "entity_scopes": [
    {
      "entity_scope": {
        "builtin": [
          "snips/ordinal"
        ],
        "custom": [
          "Thing",
          "Property",
          "boolean"
        ]
      },
      "intent_group": [
        "createcandle:get_boolean"
      ]
    },
    {
      "entity_scope": {
        "builtin": [],
        "custom": []
      },
      "intent_group": [
        "createcandle:get_time"
      ]
    },
    {
      "entity_scope": {
        "builtin": [],
        "custom": [
          "timer_type"
        ]
      },
      "intent_group": [
        "createcandle:get_timer_count"
      ]
    },
    {
      "entity_scope": {
        "builtin": [
          "snips/ordinal"
        ],
        "custom": [
          "Thing",
          "Property"
        ]
      },
      "intent_group": [
        "createcandle:get_value"
      ]
    },
    {
      "entity_scope": {
        "builtin": [],
        "custom": [
          "pleasantries",
          "timer_type",
          "timer_last"
        ]
      },
      "intent_group": [
        "createcandle:list_timers"
      ]
    },
    {
      "entity_scope": {
        "builtin": [
          "snips/duration",
          "snips/number",
          "snips/datetime"
        ],
        "custom": [
          "boolean",
          "Property",
          "special_time",
          "Thing",
          "space",
          "period",
          "pleasantries"
        ]
      },
      "intent_group": [
        "createcandle:set_state"
      ]
    },
    {
      "entity_scope": {
        "builtin": [
          "snips/duration",
          "snips/datetime"
        ],
        "custom": [
          "timer_type"
        ]
      },
      "intent_group": [
        "createcandle:set_timer"
      ]
    },
    {
      "entity_scope": {
        "builtin": [
          "snips/duration",
          "snips/number",
          "snips/datetime",
          "snips/ordinal",
          "snips/percentage"
        ],
        "custom": [
          "Property",
          "Thing",
          "string",
          "period",
          "pleasantries",
          "color"
        ]
      },
      "intent_group": [
        "createcandle:set_value"
      ]
    },
    {
      "entity_scope": {
        "builtin": [
          "snips/number"
        ],
        "custom": [
          "timer_type",
          "timer_last"
        ]
      },
      "intent_group": [
        "createcandle:stop_timer"
      ]
    }
  ],
  "intents_names": [
    "createcandle:get_boolean",
    "createcandle:get_time",
    "createcandle:get_timer_count",
    "createcandle:get_value",
    "createcandle:list_timers",
    "createcandle:set_state",
    "createcandle:set_timer",
    "createcandle:set_value",
    "createcandle:stop_timer"
  ],
  "language_code": "en",
  "map": {
    "-2143964478": [
      6,
      [
        4,
        8
      ]
    ],
    "-2136564880": [
      2,
      [
        4
      ]
    ],
    "-2134573304": [
      7,
      [
        6,
        1,
        0,
        11
      ]
    ],
    "-2124765548": [
      5,
      [
        6,
        0,
        3,
        7,
        8
      ]
    ],
    "-2118566685": [
      5,
      [
        6,
        3,
        0,
        9
      ]
    ],
    "-2116100426": [
      7,
      [
        0,
        13
      ]
    ],
    "-2111758217": [
      6,
      [
        4,
        8
      ]
    ],
    "-2109272874": [
      4,
      [
        5,
        4
      ]
    ],
    "-2102453961": [
      6,
      [
        8,
        4
      ]
    ],
    "-2100391984": [
      8,
      [
        5,
        4
      ]
    ],
    "-2098742515": [
      7,
      [
        0,
        14
      ]
    ],
    "-2095887688": [
      3,
      [
        0
      ]
    ],
    "-2078208859": [
      7,
      [
        0,
        11
      ]
    ],
    "-2077525298": [
      3,
      [
        1,
        0
      ]
    ],
    "-2076561171": [
      0,
      [
        3,
        0
      ]
    ],
    "-2072769386": [
      8,
      [
        5,
        11,
        4
      ]
    ],
    "-2065976337": [
      4,
      [
        5,
        4
      ]
    ],
    "-2041358930": [
      5,
      [
        9,
        3,
        0
      ]
    ],
    "-2034721747": [
      4,
      [
        5,
        4
      ]
    ],
    "-2029934246": [
      5,
      [
        6,
        3,
        0
      ]
    ],
    "-2007435959": [
      4,
      [
        5
      ]
    ],
    "-2006537463": [
      8,
      [
        5,
        4
      ]
    ],
    "-1999325371": [
      7,
      [
        1,
        1,
        0,
        13
      ]
    ],
    "-1968615337": [
      5,
      [
        3,
        0,
        9
      ]
    ],
    "-1960043323": [
      0,
      [
        0,
        3
      ]
    ],
    "-1948068335": [
      0,
      [
        1,
        0,
        3
      ]
    ],
    "-1938113857": [
      7,
      [
        7,
        8,
        1,
        0,
        11
      ]
    ],
    "-1929222433": [
      4,
      [
        4
      ]
    ],
    "-1925227959": [
      1,
      []
    ],
    "-1921495641": [
      6,
      [
        4,
        8
      ]
    ],
    "-1910527277": [
      4,
      [
        4
      ]
    ],
    "-1906039250": [
      0,
      [
        0,
        1
      ]
    ],
    "-1905355963": [
      4,
      [
        4
      ]
    ],
    "-1890477137": [
      4,
      [
        4
      ]
    ],
    "-1889226381": [
      5,
      [
        3,
        11,
        1,
        0,
        9
      ]
    ],
    "-1884951947": [
      6,
      [
        4,
        8
      ]
    ],
    "-1878131967": [
      6,
      [
        4,
        9
      ]
    ],
    "-1869834674": [
      4,
      [
        4
      ]
    ],
    "-1869595811": [
      8,
      [
        5,
        11,
        4
      ]
    ],
    "-1855291423": [
      1,
      []
    ],
    "-1845188038": [
      7,
      [
        0,
        14
      ]
    ],
    "-1805403793": [
      2,
      [
        4
      ]
    ],
    "-1797559015": [
      4,
      [
        5,
        4
      ]
    ],
    "-1795894059": [
      7,
      [
        7,
        8,
        1,
        0,
        11
      ]
    ],
    "-1782307864": [
      6,
      [
        4,
        8
      ]
    ],
    "-1763161464": [
      2,
      [
        4
      ]
    ],
    "-1750018428": [
      4,
      [
        4
      ]
    ],
    "-1741500323": [
      8,
      [
        5,
        4
      ]
    ],
    "-1703023724": [
      6,
      [
        4,
        9
      ]
    ],
    "-1694080795": [
      6,
      [
        4,
        8
      ]
    ],
    "-1686903308": [
      6,
      [
        4,
        9
      ]
    ],
    "-1675675599": [
      0,
      [
        1,
        0,
        3
      ]
    ],
    "-1653514694": [
      2,
      [
        4
      ]
    ],
    "-1633084003": [
      5,
      [
        3,
        10,
        0
      ]
    ],
    "-1633056099": [
      0,
      [
        0,
        3
      ]
    ],
    "-1624660457": [
      5,
      [
        3,
        1,
        0,
        9
      ]
    ],
    "-1617784625": [
      7,
      [
        9,
        1,
        0,
        11
      ]
    ],
    "-1606700933": [
      5,
      [
        11,
        1,
        0,
        3
      ]
    ],
    "-1605264843": [
      7,
      [
        1,
        0,
        15,
        7,
        8
      ]
    ],
    "-1596150987": [
      0,
      [
        1,
        0,
        3
      ]
    ],
    "-1594627008": [
      7,
      [
        1,
        0,
        13
      ]
    ],
    "-1588851718": [
      7,
      [
        1,
        0,
        14
      ]
    ],
    "-1586436540": [
      6,
      [
        4,
        8
      ]
    ],
    "-1584541281": [
      7,
      [
        1,
        0,
        11,
        9
      ]
    ],
    "-1566580520": [
      7,
      [
        1,
        0,
        14,
        7,
        8
      ]
    ],
    "-1555144497": [
      7,
      [
        1,
        0,
        15
      ]
    ],
    "-1529453761": [
      7,
      [
        1,
        0,
        11,
        7,
        8
      ]
    ],
    "-1524234886": [
      4,
      [
        6,
        5,
        4
      ]
    ],
    "-1521574755": [
      4,
      [
        4
      ]
    ],
    "-1518681468": [
      4,
      [
        5
      ]
    ],
    "-1509997880": [
      1,
      []
    ],
    "-1468536334": [
      4,
      [
        5,
        4
      ]
    ],
    "-1467508063": [
      7,
      [
        0,
        15
      ]
    ],
    "-1458843239": [
      6,
      [
        4,
        8
      ]
    ],
    "-1444967517": [
      4,
      [
        5,
        4
      ]
    ],
    "-1440954345": [
      6,
      [
        4,
        9
      ]
    ],
    "-1436207102": [
      4,
      [
        5,
        4
      ]
    ],
    "-1435962344": [
      6,
      [
        4,
        8
      ]
    ],
    "-1419062154": [
      7,
      [
        1,
        0,
        13
      ]
    ],
    "-1413387696": [
      4,
      [
        5,
        4
      ]
    ],
    "-1408606566": [
      6,
      [
        4,
        8
      ]
    ],
    "-1407640880": [
      7,
      [
        1,
        0,
        15,
        9
      ]
    ],
    "-1406373979": [
      2,
      [
        4
      ]
    ],
    "-1399023813": [
      4,
      [
        4
      ]
    ],
    "-1398258602": [
      1,
      []
    ],
    "-1387749011": [
      8,
      [
        4
      ]
    ],
    "-1384375454": [
      3,
      [
        0,
        1
      ]
    ],
    "-1366329240": [
      5,
      [
        3,
        0,
        9
      ]
    ],
    "-1365547711": [
      6,
      [
        4,
        9
      ]
    ],
    "-1364971899": [
      7,
      [
        0,
        1,
        13
      ]
    ],
    "-1341514602": [
      3,
      [
        0,
        1
      ]
    ],
    "-1332113197": [
      3,
      [
        1,
        0
      ]
    ],
    "-1320094249": [
      6,
      [
        9,
        4
      ]
    ],
    "-1317574851": [
      6,
      [
        4,
        9
      ]
    ],
    "-1313471447": [
      7,
      [
        9,
        0,
        13
      ]
    ],
    "-1304985492": [
      6,
      [
        4,
        8
      ]
    ],
    "-1301410391": [
      7,
      [
        1,
        0,
        15,
        7,
        8
      ]
    ],
    "-1299266418": [
      7,
      [
        1,
        0,
        11
      ]
    ],
    "-1291828601": [
      6,
      [
        4,
        9
      ]
    ],
    "-1285470796": [
      3,
      [
        2,
        1,
        0
      ]
    ],
    "-1283808126": [
      6,
      [
        9,
        4
      ]
    ],
    "-1278181427": [
      6,
      [
        8,
        4
      ]
    ],
    "-1268338376": [
      5,
      [
        6,
        3,
        0,
        7,
        8
      ]
    ],
    "-1260736083": [
      7,
      [
        1,
        0,
        11
      ]
    ],
    "-1254049617": [
      6,
      [
        4,
        9
      ]
    ],
    "-1252470924": [
      6,
      [
        4,
        8
      ]
    ],
    "-1252313822": [
      8,
      [
        4
      ]
    ],
    "-1246804019": [
      4,
      [
        4,
        6
      ]
    ],
    "-1240585257": [
      5,
      [
        7,
        9,
        6,
        3,
        0
      ]
    ],
    "-1233761481": [
      5,
      [
        9,
        3,
        0
      ]
    ],
    "-1187112012": [
      5,
      [
        6,
        6,
        3,
        10,
        0,
        9
      ]
    ],
    "-1186985084": [
      0,
      [
        0,
        1
      ]
    ],
    "-1185269720": [
      7,
      [
        0,
        14,
        9
      ]
    ],
    "-1179122000": [
      7,
      [
        6,
        1,
        0,
        13,
        9
      ]
    ],
    "-1171070233": [
      7,
      [
        9,
        0,
        11
      ]
    ],
    "-1166701549": [
      5,
      [
        3,
        0,
        12
      ]
    ],
    "-1159016368": [
      6,
      [
        4,
        8
      ]
    ],
    "-1155595584": [
      2,
      [
        4
      ]
    ],
    "-1153058966": [
      3,
      [
        0,
        1
      ]
    ],
    "-1141242768": [
      6,
      [
        4,
        9
      ]
    ],
    "-1137797099": [
      4,
      [
        5,
        4
      ]
    ],
    "-1127239702": [
      6,
      [
        4,
        8
      ]
    ],
    "-1110003414": [
      2,
      [
        4
      ]
    ],
    "-1108557496": [
      6,
      [
        4,
        8
      ]
    ],
    "-1102982217": [
      5,
      [
        3,
        0
      ]
    ],
    "-1099966961": [
      6,
      [
        4,
        8
      ]
    ],
    "-1096659631": [
      5,
      [
        6,
        1,
        0,
        3
      ]
    ],
    "-1094369919": [
      1,
      []
    ],
    "-1093712261": [
      7,
      [
        1,
        0,
        11
      ]
    ],
    "-1092258950": [
      3,
      [
        0
      ]
    ],
    "-1089443737": [
      3,
      [
        1,
        0
      ]
    ],
    "-1089383354": [
      6,
      [
        4,
        9
      ]
    ],
    "-1077115084": [
      6,
      [
        4,
        8
      ]
    ],
    "-1048927235": [
      0,
      [
        3,
        0
      ]
    ],
    "-1039461022": [
      6,
      [
        4,
        8
      ]
    ],
    "-1032261677": [
      7,
      [
        1,
        0,
        15
      ]
    ],
    "-1012332934": [
      5,
      [
        12,
        3,
        0
      ]
    ],
    "-1009665805": [
      3,
      [
        1,
        0
      ]
    ],
    "-1002197722": [
      0,
      [
        0,
        1
      ]
    ],
    "-976252669": [
      7,
      [
        1,
        0,
        11
      ]
    ],
    "-943721657": [
      6,
      [
        4,
        9
      ]
    ],
    "-934893628": [
      6,
      [
        4,
        9
      ]
    ],
    "-925824891": [
      0,
      [
        1,
        0,
        3
      ]
    ],
    "-925339992": [
      2,
      [
        4
      ]
    ],
    "-920570761": [
      6,
      [
        4,
        8
      ]
    ],
    "-918093301": [
      0,
      [
        3,
        0
      ]
    ],
    "-917868050": [
      6,
      [
        4,
        8
      ]
    ],
    "-912262651": [
      4,
      [
        6,
        4
      ]
    ],
    "-908014048": [
      7,
      [
        0,
        15
      ]
    ],
    "-894559678": [
      5,
      [
        6,
        3,
        1,
        0,
        9
      ]
    ],
    "-893484525": [
      6,
      [
        4,
        9
      ]
    ],
    "-890133090": [
      5,
      [
        1,
        11,
        0,
        3
      ]
    ],
    "-876309078": [
      7,
      [
        1,
        0,
        15,
        7,
        8
      ]
    ],
    "-871093280": [
      6,
      [
        4,
        8
      ]
    ],
    "-870885848": [
      3,
      [
        1,
        0
      ]
    ],
    "-863926733": [
      0,
      [
        2,
        1,
        0,
        3
      ]
    ],
    "-856210397": [
      6,
      [
        4,
        9
      ]
    ],
    "-842876280": [
      4,
      [
        5,
        4
      ]
    ],
    "-835843218": [
      8,
      [
        4,
        11
      ]
    ],
    "-816634493": [
      5,
      [
        3,
        11,
        1,
        0,
        8
      ]
    ],
    "-799349076": [
      6,
      [
        4,
        8
      ]
    ],
    "-797468483": [
      7,
      [
        0,
        15,
        7,
        8
      ]
    ],
    "-789906701": [
      5,
      [
        0,
        3
      ]
    ],
    "-781060402": [
      5,
      [
        3,
        0,
        7,
        9
      ]
    ],
    "-777576010": [
      5,
      [
        6,
        3,
        0,
        9
      ]
    ],
    "-775348513": [
      4,
      [
        5,
        4
      ]
    ],
    "-768210889": [
      0,
      [
        0,
        3
      ]
    ],
    "-767770929": [
      5,
      [
        8,
        3,
        0
      ]
    ],
    "-736155561": [
      4,
      [
        4
      ]
    ],
    "-727748424": [
      5,
      [
        6,
        0,
        3,
        7,
        8,
        6
      ]
    ],
    "-720516118": [
      1,
      []
    ],
    "-717466525": [
      6,
      [
        4,
        9
      ]
    ],
    "-711549743": [
      6,
      [
        4,
        8
      ]
    ],
    "-707450833": [
      1,
      []
    ],
    "-699020774": [
      3,
      [
        2,
        0
      ]
    ],
    "-678810406": [
      4,
      [
        5,
        4
      ]
    ],
    "-671202248": [
      3,
      [
        1,
        0
      ]
    ],
    "-668478633": [
      3,
      [
        0
      ]
    ],
    "-647804604": [
      4,
      [
        4
      ]
    ],
    "-646302726": [
      8,
      [
        4
      ]
    ],
    "-628043235": [
      6,
      [
        4,
        9
      ]
    ],
    "-624374073": [
      6,
      [
        9,
        4
      ]
    ],
    "-621622838": [
      0,
      [
        1,
        0,
        3
      ]
    ],
    "-615324986": [
      6,
      [
        9,
        4
      ]
    ],
    "-609943517": [
      6,
      [
        4,
        9
      ]
    ],
    "-596399503": [
      5,
      [
        3,
        10,
        0,
        9
      ]
    ],
    "-586182248": [
      6,
      [
        4,
        9
      ]
    ],
    "-582867473": [
      4,
      [
        5,
        4
      ]
    ],
    "-571822804": [
      6,
      [
        4,
        9
      ]
    ],
    "-561441693": [
      4,
      [
        6,
        5,
        4
      ]
    ],
    "-551670761": [
      1,
      []
    ],
    "-549062556": [
      7,
      [
        1,
        0,
        11
      ]
    ],
    "-546073318": [
      6,
      [
        4,
        8
      ]
    ],
    "-545163548": [
      8,
      [
        4
      ]
    ],
    "-532802147": [
      6,
      [
        4,
        8
      ]
    ],
    "-528134127": [
      4,
      [
        5,
        4
      ]
    ],
    "-525566625": [
      5,
      [
        3,
        11,
        1,
        0
      ]
    ],
    "-511422094": [
      6,
      [
        8,
        4
      ]
    ],
    "-497234535": [
      5,
      [
        6,
        3,
        0,
        8
      ]
    ],
    "-483702761": [
      7,
      [
        0,
        1,
        13
      ]
    ],
    "-471537033": [
      5,
      [
        3,
        1,
        0,
        7,
        8
      ]
    ],
    "-468862517": [
      6,
      [
        4,
        9
      ]
    ],
    "-461720864": [
      7,
      [
        2,
        1,
        0,
        13
      ]
    ],
    "-457682641": [
      5,
      [
        3,
        0,
        7,
        8
      ]
    ],
    "-447663199": [
      2,
      [
        4
      ]
    ],
    "-401244573": [
      5,
      [
        8,
        3,
        11,
        1,
        0
      ]
    ],
    "-399069589": [
      6,
      [
        4,
        8
      ]
    ],
    "-393242514": [
      8,
      [
        5,
        11,
        4
      ]
    ],
    "-389025293": [
      8,
      [
        4
      ]
    ],
    "-365306799": [
      6,
      [
        8
      ]
    ],
    "-363395225": [
      6,
      [
        4,
        8
      ]
    ],
    "-356477402": [
      5,
      [
        12,
        3,
        0
      ]
    ],
    "-326347314": [
      6,
      [
        4,
        8
      ]
    ],
    "-319786983": [
      4,
      [
        5,
        4
      ]
    ],
    "-301862458": [
      0,
      [
        0,
        3
      ]
    ],
    "-297446556": [
      7,
      [
        0,
        13,
        7,
        8
      ]
    ],
    "-292471953": [
      6,
      [
        4,
        9
      ]
    ],
    "-280129552": [
      8,
      [
        5,
        11,
        4
      ]
    ],
    "-262187391": [
      4,
      [
        5,
        4
      ]
    ],
    "-247379719": [
      7,
      [
        1,
        0,
        11
      ]
    ],
    "-238259194": [
      7,
      [
        2,
        1,
        0,
        11
      ]
    ],
    "-237751266": [
      8,
      [
        5,
        4
      ]
    ],
    "-233828328": [
      6,
      [
        4,
        8
      ]
    ],
    "-225911481": [
      6,
      [
        4,
        9
      ]
    ],
    "-224932676": [
      8,
      [
        4,
        4
      ]
    ],
    "-218427798": [
      2,
      [
        4
      ]
    ],
    "-202526450": [
      6,
      [
        4,
        9
      ]
    ],
    "-198204681": [
      7,
      [
        9,
        0,
        1,
        11
      ]
    ],
    "-182250703": [
      6,
      [
        4,
        8
      ]
    ],
    "-161830693": [
      6,
      [
        4,
        8
      ]
    ],
    "-152761155": [
      3,
      [
        2,
        1,
        0
      ]
    ],
    "-133031847": [
      5,
      [
        3,
        10,
        0,
        7,
        8
      ]
    ],
    "-125339771": [
      6,
      [
        4,
        8
      ]
    ],
    "-106897755": [
      6,
      [
        4,
        8
      ]
    ],
    "-106875330": [
      4,
      [
        4
      ]
    ],
    "-76437417": [
      8,
      [
        4
      ]
    ],
    "-72092081": [
      1,
      []
    ],
    "-64208841": [
      6,
      [
        4,
        8
      ]
    ],
    "-59354589": [
      8,
      [
        5,
        4
      ]
    ],
    "-47462540": [
      4,
      [
        5,
        4
      ]
    ],
    "-36071884": [
      0,
      [
        0,
        3
      ]
    ],
    "-25042994": [
      6,
      [
        4,
        8
      ]
    ],
    "-22883322": [
      6,
      [
        4,
        9
      ]
    ],
    "-17904374": [
      7,
      [
        1,
        0,
        13,
        7,
        8
      ]
    ],
    "-14518394": [
      7,
      [
        1,
        0,
        15,
        7,
        8
      ]
    ],
    "-9261655": [
      2,
      [
        4
      ]
    ],
    "-8400080": [
      6,
      [
        4,
        8
      ]
    ],
    "6585191": [
      7,
      [
        0,
        11
      ]
    ],
    "10705511": [
      5,
      [
        3,
        1,
        11,
        0
      ]
    ],
    "33053199": [
      6,
      [
        4,
        8
      ]
    ],
    "40036494": [
      4,
      [
        4
      ]
    ],
    "42788179": [
      7,
      [
        0,
        1,
        11,
        9
      ]
    ],
    "51047927": [
      0,
      [
        0,
        3
      ]
    ],
    "59231717": [
      6,
      [
        4,
        8
      ]
    ],
    "60352041": [
      6,
      [
        4,
        8
      ]
    ],
    "64213620": [
      0,
      [
        1,
        0,
        3
      ]
    ],
    "76422319": [
      5,
      [
        9,
        6,
        3,
        0,
        10
      ]
    ],
    "81952971": [
      8,
      [
        4
      ]
    ],
    "86708552": [
      6,
      [
        4,
        9
      ]
    ],
    "101992366": [
      2,
      [
        4
      ]
    ],
    "102667370": [
      6,
      [
        4,
        9
      ]
    ],
    "103087170": [
      4,
      [
        6,
        4
      ]
    ],
    "104971738": [
      3,
      [
        0
      ]
    ],
    "111483628": [
      6,
      [
        4,
        8
      ]
    ],
    "113219326": [
      4,
      [
        5,
        4
      ]
    ],
    "114735351": [
      0,
      [
        1,
        0,
        3
      ]
    ],
    "120531650": [
      8,
      [
        5,
        11,
        4
      ]
    ],
    "129194160": [
      6,
      [
        4,
        9
      ]
    ],
    "146742707": [
      5,
      [
        3,
        0,
        7,
        8
      ]
    ],
    "147878367": [
      4,
      [
        5,
        4
      ]
    ],
    "155403113": [
      5,
      [
        6,
        6,
        3,
        0,
        9
      ]
    ],
    "160750704": [
      5,
      [
        3,
        0,
        8
      ]
    ],
    "167177239": [
      7,
      [
        1,
        0,
        13,
        9
      ]
    ],
    "176058395": [
      6,
      [
        9,
        4
      ]
    ],
    "193145809": [
      6,
      [
        4,
        9
      ]
    ],
    "205452510": [
      3,
      [
        1,
        0
      ]
    ],
    "207863558": [
      7,
      [
        0,
        15,
        9
      ]
    ],
    "208379591": [
      8,
      [
        5,
        4
      ]
    ],
    "235117402": [
      4,
      [
        5,
        4
      ]
    ],
    "238734887": [
      1,
      []
    ],
    "245511424": [
      2,
      [
        4
      ]
    ],
    "264378057": [
      0,
      [
        3,
        1,
        0
      ]
    ],
    "274624311": [
      0,
      [
        0,
        3
      ]
    ],
    "280027296": [
      8,
      [
        5,
        4,
        4
      ]
    ],
    "290254165": [
      6,
      [
        4,
        9
      ]
    ],
    "308104559": [
      0,
      [
        0,
        3
      ]
    ],
    "308486525": [
      8,
      [
        5,
        5,
        4
      ]
    ],
    "310063189": [
      6,
      [
        4,
        8
      ]
    ],
    "315892803": [
      6,
      [
        4,
        8
      ]
    ],
    "328741377": [
      6,
      [
        4,
        8
      ]
    ],
    "346471959": [
      3,
      [
        1,
        0
      ]
    ],
    "348887940": [
      3,
      [
        2,
        0
      ]
    ],
    "364407317": [
      6,
      [
        4,
        9
      ]
    ],
    "366772388": [
      6,
      [
        4,
        8
      ]
    ],
    "406229349": [
      8,
      [
        4
      ]
    ],
    "425597375": [
      1,
      []
    ],
    "425607385": [
      4,
      [
        5,
        4
      ]
    ],
    "425802935": [
      2,
      [
        4
      ]
    ],
    "430399850": [
      7,
      [
        0,
        1,
        11
      ]
    ],
    "434803749": [
      3,
      [
        0
      ]
    ],
    "444057474": [
      5,
      [
        7,
        8,
        6,
        3,
        0
      ]
    ],
    "467077300": [
      7,
      [
        0,
        1,
        11
      ]
    ],
    "484097756": [
      2,
      [
        4
      ]
    ],
    "489332458": [
      6,
      [
        4,
        9,
        9
      ]
    ],
    "497908550": [
      8,
      [
        5,
        4
      ]
    ],
    "506321803": [
      6,
      [
        4,
        8
      ]
    ],
    "508155624": [
      8,
      [
        5,
        11,
        4,
        4
      ]
    ],
    "515111428": [
      6,
      [
        8,
        4
      ]
    ],
    "521386422": [
      1,
      []
    ],
    "522440117": [
      7,
      [
        7,
        8,
        2,
        1,
        0,
        11
      ]
    ],
    "532782614": [
      7,
      [
        1,
        0,
        13,
        9
      ]
    ],
    "538021518": [
      6,
      [
        4,
        8
      ]
    ],
    "547110126": [
      2,
      [
        4
      ]
    ],
    "550416631": [
      0,
      [
        1,
        0,
        3
      ]
    ],
    "572427028": [
      6,
      [
        4,
        8
      ]
    ],
    "574012070": [
      5,
      [
        3,
        1,
        0
      ]
    ],
    "577093985": [
      1,
      []
    ],
    "585892499": [
      3,
      [
        0,
        1
      ]
    ],
    "587656593": [
      4,
      [
        6,
        5,
        4
      ]
    ],
    "590629103": [
      0,
      [
        3,
        0
      ]
    ],
    "594311518": [
      6,
      [
        4,
        9
      ]
    ],
    "601756157": [
      7,
      [
        1,
        0,
        11
      ]
    ],
    "609755054": [
      7,
      [
        1,
        0,
        11
      ]
    ],
    "641654586": [
      4,
      [
        5,
        4
      ]
    ],
    "644206839": [
      5,
      [
        3,
        1,
        0
      ]
    ],
    "649086234": [
      6,
      [
        4,
        8
      ]
    ],
    "664973938": [
      3,
      [
        1,
        0
      ]
    ],
    "665865670": [
      0,
      [
        3,
        0
      ]
    ],
    "672246888": [
      6,
      [
        4,
        8
      ]
    ],
    "678179159": [
      7,
      [
        9,
        0,
        11
      ]
    ],
    "693650864": [
      6,
      [
        4,
        9
      ]
    ],
    "697310164": [
      5,
      [
        3,
        0,
        10
      ]
    ],
    "710370154": [
      0,
      [
        0,
        3
      ]
    ],
    "721721861": [
      6,
      [
        4,
        9
      ]
    ],
    "727366391": [
      5,
      [
        3,
        11,
        1,
        0
      ]
    ],
    "735458250": [
      6,
      [
        4,
        8
      ]
    ],
    "736618619": [
      4,
      [
        6,
        5,
        4
      ]
    ],
    "752343401": [
      4,
      [
        4
      ]
    ],
    "761686860": [
      4,
      [
        5,
        4
      ]
    ],
    "778054483": [
      8,
      [
        5,
        4
      ]
    ],
    "785434705": [
      7,
      [
        1,
        0,
        13,
        7,
        9
      ]
    ],
    "785741446": [
      6,
      [
        4,
        8
      ]
    ],
    "786736971": [
      2,
      [
        4
      ]
    ],
    "797910505": [
      3,
      [
        1,
        0
      ]
    ],
    "802067382": [
      4,
      [
        4
      ]
    ],
    "802322321": [
      2,
      [
        4
      ]
    ],
    "812242718": [
      6,
      [
        4,
        8
      ]
    ],
    "820960356": [
      7,
      [
        1,
        0,
        14
      ]
    ],
    "841613896": [
      4,
      [
        5,
        4
      ]
    ],
    "852161715": [
      4,
      [
        5,
        4
      ]
    ],
    "869483230": [
      5,
      [
        12,
        3,
        10,
        0
      ]
    ],
    "871447131": [
      6,
      [
        8,
        4
      ]
    ],
    "883132775": [
      6,
      [
        4,
        9
      ]
    ],
    "900334727": [
      8,
      [
        5,
        11,
        4
      ]
    ],
    "906407285": [
      3,
      [
        1,
        0
      ]
    ],
    "906602141": [
      4,
      [
        5,
        4
      ]
    ],
    "912045691": [
      5,
      [
        3,
        0,
        9
      ]
    ],
    "915860496": [
      4,
      [
        5,
        4
      ]
    ],
    "915999735": [
      7,
      [
        6,
        0,
        15
      ]
    ],
    "939639804": [
      7,
      [
        2,
        1,
        0,
        11
      ]
    ],
    "953131875": [
      4,
      [
        5,
        4
      ]
    ],
    "956913289": [
      6,
      [
        4,
        8
      ]
    ],
    "965847912": [
      5,
      [
        9,
        3,
        0
      ]
    ],
    "971008241": [
      3,
      [
        1,
        0
      ]
    ],
    "971931189": [
      1,
      []
    ],
    "1028461689": [
      7,
      [
        6,
        0,
        13,
        9
      ]
    ],
    "1036789427": [
      5,
      [
        6,
        3,
        1,
        0
      ]
    ],
    "1037508450": [
      8,
      [
        5,
        4
      ]
    ],
    "1040974564": [
      6,
      [
        4,
        8
      ]
    ],
    "1042624443": [
      5,
      [
        3,
        11,
        1,
        0,
        9
      ]
    ],
    "1059639741": [
      3,
      [
        1,
        0
      ]
    ],
    "1060824195": [
      0,
      [
        1,
        0,
        3
      ]
    ],
    "1063594070": [
      4,
      [
        5,
        4
      ]
    ],
    "1063629942": [
      4,
      [
        4
      ]
    ],
    "1066647349": [
      6,
      [
        4,
        9
      ]
    ],
    "1071972521": [
      7,
      [
        1,
        0,
        13,
        6
      ]
    ],
    "1075636639": [
      4,
      [
        4
      ]
    ],
    "1084154202": [
      4,
      [
        5,
        4
      ]
    ],
    "1110666436": [
      6,
      [
        4,
        8
      ]
    ],
    "1116279389": [
      1,
      []
    ],
    "1119374731": [
      1,
      []
    ],
    "1122531172": [
      3,
      [
        1,
        0
      ]
    ],
    "1130171685": [
      8,
      [
        5,
        4
      ]
    ],
    "1136731197": [
      6,
      [
        4,
        8
      ]
    ],
    "1162629764": [
      4,
      [
        5,
        4
      ]
    ],
    "1163000555": [
      3,
      [
        0
      ]
    ],
    "1171231777": [
      5,
      [
        3,
        1,
        10,
        0,
        7,
        8
      ]
    ],
    "1176063153": [
      2,
      [
        4
      ]
    ],
    "1184537691": [
      6,
      [
        4,
        9
      ]
    ],
    "1188527264": [
      5,
      [
        3,
        11,
        1,
        0,
        9
      ]
    ],
    "1200610761": [
      7,
      [
        9,
        1,
        0,
        13
      ]
    ],
    "1215428979": [
      3,
      [
        0
      ]
    ],
    "1215888963": [
      6,
      [
        4,
        8
      ]
    ],
    "1219702040": [
      3,
      [
        1,
        0
      ]
    ],
    "1231424637": [
      5,
      [
        8,
        3,
        0
      ]
    ],
    "1242977864": [
      4,
      [
        5,
        4
      ]
    ],
    "1244529826": [
      0,
      [
        0,
        1
      ]
    ],
    "1264559599": [
      6,
      [
        4,
        9
      ]
    ],
    "1272600634": [
      7,
      [
        1,
        0,
        13,
        9
      ]
    ],
    "1279715301": [
      7,
      [
        1,
        0,
        11
      ]
    ],
    "1281357581": [
      7,
      [
        2,
        1,
        0,
        13
      ]
    ],
    "1286014759": [
      7,
      [
        1,
        0,
        11
      ]
    ],
    "1302245138": [
      7,
      [
        1,
        0,
        13
      ]
    ],
    "1306120205": [
      2,
      [
        4
      ]
    ],
    "1330055707": [
      5,
      [
        6,
        3,
        10,
        0,
        7,
        9
      ]
    ],
    "1342237902": [
      4,
      [
        5,
        4
      ]
    ],
    "1347928771": [
      1,
      []
    ],
    "1354152567": [
      4,
      [
        5,
        4
      ]
    ],
    "1355470937": [
      6,
      [
        4,
        9
      ]
    ],
    "1357517640": [
      7,
      [
        1,
        0,
        11,
        9
      ]
    ],
    "1361844424": [
      4,
      [
        6,
        5,
        4
      ]
    ],
    "1382413620": [
      3,
      [
        0
      ]
    ],
    "1385197104": [
      5,
      [
        1,
        11,
        0,
        3
      ]
    ],
    "1390740365": [
      8,
      [
        4
      ]
    ],
    "1397272048": [
      2,
      [
        4
      ]
    ],
    "1415477941": [
      8,
      [
        5,
        11,
        4
      ]
    ],
    "1419452170": [
      2,
      [
        4
      ]
    ],
    "1427343403": [
      4,
      [
        5,
        4
      ]
    ],
    "1435135241": [
      6,
      [
        4,
        8
      ]
    ],
    "1436503321": [
      7,
      [
        0,
        13
      ]
    ],
    "1437420413": [
      3,
      [
        1,
        0
      ]
    ],
    "1439023159": [
      3,
      [
        1,
        0
      ]
    ],
    "1439949995": [
      5,
      [
        3,
        11,
        1,
        0,
        12
      ]
    ],
    "1455725406": [
      1,
      []
    ],
    "1466912338": [
      2,
      [
        4
      ]
    ],
    "1474120589": [
      5,
      [
        6,
        3,
        0,
        7,
        9
      ]
    ],
    "1475523967": [
      5,
      [
        7,
        8,
        3,
        0
      ]
    ],
    "1476505339": [
      6,
      [
        4,
        8
      ]
    ],
    "1487897077": [
      0,
      [
        2,
        1,
        0,
        3
      ]
    ],
    "1495954763": [
      6,
      [
        4,
        8
      ]
    ],
    "1497612589": [
      3,
      [
        1,
        0
      ]
    ],
    "1503011107": [
      5,
      [
        12,
        3,
        0
      ]
    ],
    "1505032546": [
      7,
      [
        6,
        0,
        11,
        9
      ]
    ],
    "1537304863": [
      3,
      [
        1,
        0
      ]
    ],
    "1540003969": [
      6,
      [
        4,
        8
      ]
    ],
    "1542516689": [
      2,
      [
        4
      ]
    ],
    "1548206550": [
      4,
      [
        5
      ]
    ],
    "1550191534": [
      7,
      [
        7,
        9,
        1,
        0,
        11
      ]
    ],
    "1552783704": [
      6,
      [
        4,
        8
      ]
    ],
    "1555967608": [
      4,
      [
        4
      ]
    ],
    "1612895512": [
      6,
      [
        4,
        8
      ]
    ],
    "1615505064": [
      6,
      [
        4,
        8
      ]
    ],
    "1618176690": [
      8,
      [
        5,
        11,
        4
      ]
    ],
    "1621473410": [
      3,
      [
        1,
        0
      ]
    ],
    "1622003234": [
      0,
      [
        0,
        1
      ]
    ],
    "1624085680": [
      6,
      [
        4,
        8
      ]
    ],
    "1646084670": [
      8,
      [
        4,
        11
      ]
    ],
    "1646236134": [
      6,
      [
        9,
        4
      ]
    ],
    "1655261934": [
      3,
      [
        1,
        0
      ]
    ],
    "1663303416": [
      3,
      [
        1,
        0
      ]
    ],
    "1665172041": [
      6,
      [
        4,
        8
      ]
    ],
    "1667684699": [
      3,
      [
        0
      ]
    ],
    "1674484393": [
      6,
      [
        4,
        8
      ]
    ],
    "1677741796": [
      6,
      [
        8,
        4
      ]
    ],
    "1696012336": [
      6,
      [
        4,
        8
      ]
    ],
    "1701343297": [
      6,
      [
        4,
        8
      ]
    ],
    "1705935987": [
      6,
      [
        4,
        8
      ]
    ],
    "1714126784": [
      4,
      [
        4
      ]
    ],
    "1716564476": [
      4,
      [
        5,
        4
      ]
    ],
    "1722673210": [
      3,
      [
        0,
        1
      ]
    ],
    "1724958800": [
      8,
      [
        4
      ]
    ],
    "1732536286": [
      6,
      [
        4,
        9
      ]
    ],
    "1741293792": [
      2,
      [
        4
      ]
    ],
    "1746228528": [
      5,
      [
        9,
        6,
        3,
        10,
        0
      ]
    ],
    "1760302499": [
      3,
      [
        1,
        0
      ]
    ],
    "1763662990": [
      7,
      [
        6,
        1,
        0,
        11
      ]
    ],
    "1764279613": [
      6,
      [
        4,
        8
      ]
    ],
    "1766159518": [
      5,
      [
        6,
        3,
        1,
        0
      ]
    ],
    "1781357966": [
      3,
      [
        0,
        1
      ]
    ],
    "1812786872": [
      8,
      [
        4,
        11
      ]
    ],
    "1818161302": [
      7,
      [
        1,
        0,
        15
      ]
    ],
    "1818897152": [
      6,
      [
        4,
        8
      ]
    ],
    "1823072521": [
      6,
      [
        4,
        8
      ]
    ],
    "1830387824": [
      4,
      [
        4
      ]
    ],
    "1835332138": [
      0,
      [
        3,
        1,
        0
      ]
    ],
    "1842340856": [
      7,
      [
        9,
        1,
        0,
        15
      ]
    ],
    "1885590752": [
      7,
      [
        1,
        0,
        15
      ]
    ],
    "1889749519": [
      6,
      [
        4,
        8
      ]
    ],
    "1891259284": [
      4,
      [
        5,
        4
      ]
    ],
    "1900253793": [
      7,
      [
        0,
        1,
        13,
        7,
        8
      ]
    ],
    "1910898920": [
      7,
      [
        9,
        0,
        1,
        11
      ]
    ],
    "1931429686": [
      1,
      []
    ],
    "1933318777": [
      3,
      [
        1,
        0
      ]
    ],
    "1945763480": [
      7,
      [
        7,
        8,
        1,
        0,
        13
      ]
    ],
    "1954418887": [
      4,
      [
        6,
        4
      ]
    ],
    "1955648964": [
      7,
      [
        1,
        0,
        15,
        7,
        8
      ]
    ],
    "1958576624": [
      0,
      [
        1,
        0,
        3
      ]
    ],
    "1975206479": [
      8,
      [
        5,
        4
      ]
    ],
    "2012420625": [
      5,
      [
        6,
        6,
        3,
        0,
        7,
        8
      ]
    ],
    "2012902548": [
      6,
      [
        4,
        8
      ]
    ],
    "2022564751": [
      2,
      [
        4
      ]
    ],
    "2027777013": [
      6,
      [
        4,
        8
      ]
    ],
    "2072950251": [
      1,
      []
    ],
    "2076634301": [
      8,
      [
        4
      ]
    ],
    "2080693462": [
      8,
      [
        5,
        4
      ]
    ],
    "2084049092": [
      5,
      [
        3,
        1,
        10,
        0
      ]
    ],
    "2096839505": [
      0,
      [
        3,
        1,
        0
      ]
    ],
    "2097196278": [
      6,
      [
        4,
        8
      ]
    ],
    "2120320445": [
      4,
      [
        5,
        4
      ]
    ],
    "2144192610": [
      4,
      [
        6,
        5,
        4
      ]
    ],
    "2146188325": [
      6,
      [
        4,
        8
      ]
    ]
  },
  "slots_names": [
    "thing",
    "property",
    "ordinal",
    "boolean",
    "timer_type",
    "timer_last",
    "pleasantries",
    "period",
    "duration",
    "time",
    "space",
    "number",
    "special_time",
    "percentage",
    "string",
    "color"
  ],
  "stop_words_whitelist": {
    "createcandle:list_timers": [
      "can",
      "please"
    ],
    "createcandle:set_state": [
      "can",
      "now",
      "please"
    ],
    "createcandle:set_timer": [
      "now"
    ],
    "createcandle:set_value": [
      "can",
      "now",
      "please"
    ]
  }
}