{
  "id" : "proj_rY5Wq4dr6qK",
  "name" : "Candle",
  "intents" : [ {
    "id" : "createcandle:stop_timer",
    "type" : "registry",
    "version" : "1.13.0",
    "language" : "en",
    "slots" : [ {
      "name" : "timer_last",
      "id" : "4LrrXCANN",
      "entityId" : "entity_9VD5m64v9wo",
      "missingQuestion" : "",
      "required" : false,
      "description" : "How many timers to remove"
    }, {
      "name" : "timer_type",
      "id" : "zgPXDlm5C",
      "entityId" : "entity_K37nnN5lEnD",
      "missingQuestion" : "",
      "required" : false
    }, {
      "name" : "number",
      "id" : "pkLgrGvR_",
      "entityId" : "snips/number",
      "missingQuestion" : "",
      "required" : false
    } ],
    "name" : "stop_timer",
    "enabledByDefault" : true
  }, {
    "id" : "createcandle:set_state",
    "type" : "registry",
    "version" : "1.16.0",
    "language" : "en",
    "slots" : [ {
      "name" : "property",
      "id" : "fRJttOAaE",
      "entityId" : "entity_y538wwAo2Db",
      "missingQuestion" : "",
      "required" : false
    }, {
      "name" : "thing",
      "id" : "thDpdoaSA",
      "entityId" : "entity_b7POWzl4n0y",
      "missingQuestion" : "",
      "required" : false
    }, {
      "name" : "boolean",
      "id" : "Q1n0r-NT5",
      "entityId" : "entity_e9KxqKv030g",
      "missingQuestion" : "Do you want it to be on or off?",
      "required" : true,
      "description" : "Something that can be only one of two twings."
    }, {
      "name" : "duration",
      "id" : "lHx2bJfPj",
      "entityId" : "snips/duration",
      "missingQuestion" : "",
      "required" : false,
      "description" : "A length of time"
    }, {
      "name" : "time",
      "id" : "p10gSn4-t",
      "entityId" : "snips/datetime",
      "missingQuestion" : "",
      "required" : false
    }, {
      "name" : "number",
      "id" : "qrBKDUxUl",
      "entityId" : "snips/number",
      "missingQuestion" : "",
      "required" : false
    } ],
    "name" : "set_state",
    "enabledByDefault" : true
  }, {
    "id" : "createcandle:set_value",
    "type" : "registry",
    "version" : "1.0.0",
    "language" : "en",
    "slots" : [ {
      "name" : "property",
      "id" : "LSK_2R_vL",
      "entityId" : "entity_y538wwAo2Db",
      "missingQuestion" : "",
      "required" : false
    }, {
      "name" : "thing",
      "id" : "CWG6ioAZp",
      "entityId" : "entity_b7POWzl4n0y",
      "missingQuestion" : "",
      "required" : false
    }, {
      "name" : "percentage",
      "id" : "2O6AfPgRb",
      "entityId" : "snips/percentage",
      "missingQuestion" : "",
      "required" : false
    }, {
      "name" : "number",
      "id" : "dYEGDUn38",
      "entityId" : "snips/number",
      "missingQuestion" : "",
      "required" : false
    } ],
    "name" : "set_value",
    "enabledByDefault" : true
  }, {
    "id" : "createcandle:set_timer",
    "type" : "registry",
    "version" : "1.17.0",
    "language" : "en",
    "slots" : [ {
      "name" : "duration",
      "id" : "zSvK1V8G6",
      "entityId" : "snips/duration",
      "missingQuestion" : "",
      "required" : false
    }, {
      "name" : "timer_type",
      "id" : "lDbC5Bmql",
      "entityId" : "entity_K37nnN5lEnD",
      "missingQuestion" : "",
      "required" : false
    }, {
      "name" : "time",
      "id" : "qx4cE-b6h",
      "entityId" : "snips/datetime",
      "missingQuestion" : "",
      "required" : false
    } ],
    "name" : "set_timer",
    "enabledByDefault" : true
  }, {
    "id" : "createcandle:get_state",
    "type" : "registry",
    "version" : "1.12.0",
    "language" : "en",
    "slots" : [ {
      "name" : "thing",
      "id" : "Gyn3afDf7",
      "entityId" : "entity_b7POWzl4n0y",
      "missingQuestion" : "",
      "required" : false,
      "description" : " A thing in the smart home"
    }, {
      "name" : "property",
      "id" : "UaYmFrroz",
      "entityId" : "entity_y538wwAo2Db",
      "missingQuestion" : "",
      "required" : false,
      "description" : "A property of a thing in the smart home"
    } ],
    "name" : "get_state",
    "enabledByDefault" : true
  } ],
  "createdAt" : "2019-07-22T18:41:41.981Z",
  "language" : "en",
  "version" : {
    "nluModel" : "0.19.7"
  },
  "platform" : {
    "type" : "raspberrypi"
  },
  "asr" : {
    "type" : "snips"
  },
  "analyticsEnabled" : true,
  "heartbeatEnabled" : true,
  "hotword" : "hey_snips"
}