{
  "id" : "proj_rY5Wq4dr6qK",
  "name" : "Candle",
  "intents" : [ {
    "id" : "createcandle:stop_timer",
    "type" : "registry",
    "version" : "6.0.0",
    "language" : "en",
    "slots" : [ {
      "name" : "timer_last",
      "id" : "4LrrXCANN",
      "entityId" : "entity_9VD5m64v9wo",
      "missingQuestion" : "",
      "required" : false,
      "description" : "How many timers to remove"
    }, {
      "name" : "timer_type",
      "id" : "zgPXDlm5C",
      "entityId" : "entity_K37nnN5lEnD",
      "missingQuestion" : "",
      "required" : false
    }, {
      "name" : "number",
      "id" : "pkLgrGvR_",
      "entityId" : "snips/number",
      "missingQuestion" : "",
      "required" : false
    } ],
    "name" : "stop_timer",
    "enabledByDefault" : true
  }, {
    "id" : "createcandle:get_timer_count",
    "type" : "registry",
    "version" : "2.0.0",
    "language" : "en",
    "slots" : [ {
      "name" : "timer_type",
      "id" : "FUoen_34w",
      "entityId" : "entity_K37nnN5lEnD",
      "missingQuestion" : "",
      "required" : false
    } ],
    "name" : "get_timer_count",
    "enabledByDefault" : true
  }, {
    "id" : "createcandle:get_boolean",
    "type" : "registry",
    "version" : "3.0.0",
    "language" : "en",
    "slots" : [ {
      "name" : "property",
      "id" : "luRtA7rKN",
      "entityId" : "entity_y538wwAo2Db",
      "missingQuestion" : "",
      "required" : false
    }, {
      "name" : "thing",
      "id" : "CSdKtwlLV",
      "entityId" : "entity_b7POWzl4n0y",
      "missingQuestion" : "",
      "required" : false
    }, {
      "name" : "boolean",
      "id" : "kRvZ8Etwi",
      "entityId" : "entity_e9KxqKv030g",
      "missingQuestion" : "",
      "required" : false
    } ],
    "name" : "get_boolean",
    "enabledByDefault" : true
  }, {
    "id" : "createcandle:set_state",
    "type" : "registry",
    "version" : "9.0.0",
    "language" : "en",
    "slots" : [ {
      "name" : "property",
      "id" : "fRJttOAaE",
      "entityId" : "entity_y538wwAo2Db",
      "missingQuestion" : "",
      "required" : false
    }, {
      "name" : "thing",
      "id" : "thDpdoaSA",
      "entityId" : "entity_b7POWzl4n0y",
      "missingQuestion" : "",
      "required" : false
    }, {
      "name" : "boolean",
      "id" : "Q1n0r-NT5",
      "entityId" : "entity_e9KxqKv030g",
      "missingQuestion" : "Do you want it to be on or off?",
      "required" : true,
      "description" : "Something that can be only one of two twings."
    }, {
      "name" : "duration",
      "id" : "lHx2bJfPj",
      "entityId" : "snips/duration",
      "missingQuestion" : "",
      "required" : false,
      "description" : "A length of time"
    }, {
      "name" : "time",
      "id" : "p10gSn4-t",
      "entityId" : "snips/datetime",
      "missingQuestion" : "",
      "required" : false
    }, {
      "name" : "number",
      "id" : "qrBKDUxUl",
      "entityId" : "snips/number",
      "missingQuestion" : "",
      "required" : false
    }, {
      "name" : "period",
      "id" : "avgg9dKcd",
      "entityId" : "entity_WwwYZqOnGQp",
      "missingQuestion" : "",
      "required" : false
    }, {
      "name" : "space",
      "id" : "4UnnesMP_",
      "entityId" : "entity_7qYEVPPrB85",
      "missingQuestion" : "",
      "required" : false
    }, {
      "name" : "special_time",
      "id" : "1QFAs3-Ah",
      "entityId" : "entity_1aabnglkxzW",
      "missingQuestion" : "",
      "required" : false
    }, {
      "name" : "pleasantries",
      "id" : "lZtnZe8yL",
      "entityId" : "entity_Vxkz5yZ5ObN",
      "missingQuestion" : "",
      "required" : false
    } ],
    "name" : "set_state",
    "enabledByDefault" : true
  }, {
    "id" : "createcandle:set_value",
    "type" : "registry",
    "version" : "7.0.0",
    "language" : "en",
    "slots" : [ {
      "name" : "property",
      "id" : "LSK_2R_vL",
      "entityId" : "entity_y538wwAo2Db",
      "missingQuestion" : "",
      "required" : false
    }, {
      "name" : "thing",
      "id" : "CWG6ioAZp",
      "entityId" : "entity_b7POWzl4n0y",
      "missingQuestion" : "",
      "required" : false
    }, {
      "name" : "percentage",
      "id" : "2O6AfPgRb",
      "entityId" : "snips/percentage",
      "missingQuestion" : "",
      "required" : false
    }, {
      "name" : "number",
      "id" : "dYEGDUn38",
      "entityId" : "snips/number",
      "missingQuestion" : "",
      "required" : false
    }, {
      "name" : "color",
      "id" : "9FIfyZW8O",
      "entityId" : "entity_1aMwo1B8z4P",
      "missingQuestion" : "",
      "required" : false
    }, {
      "name" : "duration",
      "id" : "fZVtmVXPy",
      "entityId" : "snips/duration",
      "missingQuestion" : "",
      "required" : false
    }, {
      "name" : "time",
      "id" : "Xql194VF7",
      "entityId" : "snips/datetime",
      "missingQuestion" : "",
      "required" : false
    }, {
      "name" : "pleasantries",
      "id" : "ieDpdgpQd",
      "entityId" : "entity_Vxkz5yZ5ObN",
      "missingQuestion" : "",
      "required" : false
    }, {
      "name" : "period",
      "id" : "Z-5uEF6CL",
      "entityId" : "entity_WwwYZqOnGQp",
      "missingQuestion" : "",
      "required" : false
    }, {
      "name" : "string",
      "id" : "7_1yABi0F",
      "entityId" : "entity_4nrZBAypl0V",
      "missingQuestion" : "",
      "required" : false
    } ],
    "name" : "set_value",
    "enabledByDefault" : true
  }, {
    "id" : "createcandle:set_timer",
    "type" : "registry",
    "version" : "8.0.0",
    "language" : "en",
    "slots" : [ {
      "name" : "duration",
      "id" : "zSvK1V8G6",
      "entityId" : "snips/duration",
      "missingQuestion" : "",
      "required" : false
    }, {
      "name" : "timer_type",
      "id" : "lDbC5Bmql",
      "entityId" : "entity_K37nnN5lEnD",
      "missingQuestion" : "",
      "required" : false
    }, {
      "name" : "time",
      "id" : "qx4cE-b6h",
      "entityId" : "snips/datetime",
      "missingQuestion" : "When should I reminded you?",
      "required" : false,
      "description" : "The time the reminder should be spoken by Snips"
    } ],
    "name" : "set_timer",
    "enabledByDefault" : true
  }, {
    "id" : "createcandle:get_value",
    "type" : "registry",
    "version" : "2.0.0",
    "language" : "en",
    "slots" : [ {
      "name" : "thing",
      "id" : "slot_imported_lr5zYJ8dq",
      "entityId" : "entity_b7POWzl4n0y",
      "missingQuestion" : "",
      "required" : false
    }, {
      "name" : "property",
      "id" : "slot_imported_8VkR0CeSQ9",
      "entityId" : "entity_y538wwAo2Db",
      "missingQuestion" : "",
      "required" : false
    }, {
      "name" : "ordinal",
      "id" : "slot_imported_wW-EiI7dSS",
      "entityId" : "snips/ordinal",
      "missingQuestion" : "",
      "required" : false
    } ],
    "name" : "get_value",
    "enabledByDefault" : true
  }, {
    "id" : "createcandle:list_timers",
    "type" : "registry",
    "version" : "3.0.0",
    "language" : "en",
    "slots" : [ {
      "name" : "timer_type",
      "id" : "M7RoiIz6v",
      "entityId" : "entity_K37nnN5lEnD",
      "missingQuestion" : "",
      "required" : false
    }, {
      "name" : "timer_last",
      "id" : "lquDZ6jlX",
      "entityId" : "entity_9VD5m64v9wo",
      "missingQuestion" : "",
      "required" : false
    }, {
      "name" : "pleasantries",
      "id" : "u8k5ei945",
      "entityId" : "entity_Vxkz5yZ5ObN",
      "missingQuestion" : "",
      "required" : false
    } ],
    "name" : "list_timers",
    "enabledByDefault" : true
  }, {
    "id" : "createcandle:get_time",
    "type" : "registry",
    "version" : "4.0.0",
    "language" : "en",
    "slots" : [ ],
    "name" : "get_time",
    "enabledByDefault" : true
  } ],
  "createdAt" : "2019-07-22T18:41:41.981Z",
  "language" : "en",
  "version" : {
    "nluModel" : "0.19.7"
  },
  "platform" : {
    "type" : "raspberrypi"
  },
  "asr" : {
    "type" : "snips"
  },
  "analyticsEnabled" : true,
  "heartbeatEnabled" : true,
  "hotword" : "hey_snips"
}