{
    "snips/duration": {
        "vanilla": "4cc6bba1-f975-4b31-a675-52e72e149131.vanilla", 
        "ngram": false, 
        "added": "4cc6bba1-f975-4b31-a675-52e72e149131.added", 
        "pruningThresholds": [], 
        "order": 0
    }, 
    "snips/number": {
        "vanilla": "89cf2023-f3e3-4b27-9886-c948a7f5409e.vanilla", 
        "ngram": false, 
        "added": "89cf2023-f3e3-4b27-9886-c948a7f5409e.added", 
        "pruningThresholds": [], 
        "order": 0
    }, 
    "timer_last": {
        "vanilla": "7d6af47c-e7d8-4e6f-9250-b47e52e09ff5.vanilla", 
        "ngram": true, 
        "added": "7d6af47c-e7d8-4e6f-9250-b47e52e09ff5.added", 
        "pruningThresholds": [], 
        "order": 3
    }, 
    "Thing": {
        "vanilla": "13810f3a-241d-45ac-80a6-ae3dc693ad7e.vanilla", 
        "ngram": true, 
        "added": "13810f3a-241d-45ac-80a6-ae3dc693ad7e.added", 
        "pruningThresholds": [], 
        "order": 3
    }, 
    "snips/percentage": {
        "vanilla": "9d6a97fb-921d-4120-92be-c8a421413774.vanilla", 
        "ngram": false, 
        "added": "9d6a97fb-921d-4120-92be-c8a421413774.added", 
        "pruningThresholds": [], 
        "order": 0
    }, 
    "boolean": {
        "vanilla": "1e882b6f-7ab1-40ae-93ff-32bdd6243fc3.vanilla", 
        "ngram": true, 
        "added": "1e882b6f-7ab1-40ae-93ff-32bdd6243fc3.added", 
        "pruningThresholds": [], 
        "order": 3
    }, 
    "timer_type": {
        "vanilla": "2c3e8a6d-04b1-412d-9817-75d974887f85.vanilla", 
        "ngram": true, 
        "added": "2c3e8a6d-04b1-412d-9817-75d974887f85.added", 
        "pruningThresholds": [], 
        "order": 3
    }, 
    "Property": {
        "vanilla": "77fd509d-04ec-4cf4-ad7d-b4544b9523f5.vanilla", 
        "ngram": true, 
        "added": "77fd509d-04ec-4cf4-ad7d-b4544b9523f5.added", 
        "pruningThresholds": [], 
        "order": 3
    }, 
    "snips/datetime": {
        "vanilla": "09b80fc8-dd72-4655-97a0-801e8d998f2b.vanilla", 
        "ngram": false, 
        "added": "09b80fc8-dd72-4655-97a0-801e8d998f2b.added", 
        "pruningThresholds": [], 
        "order": 0
    }
}