{
  "config": {
    "ignore_stop_words": true,
    "max_pattern_length": 1000,
    "max_queries": 500,
    "unit_name": "deterministic_intent_parser"
  },
  "group_names_to_slot_names": {
    "group0": "boolean",
    "group1": "color",
    "group10": "special_time",
    "group11": "string",
    "group12": "thing",
    "group13": "time",
    "group14": "timer_last",
    "group15": "timer_type",
    "group2": "duration",
    "group3": "number",
    "group4": "ordinal",
    "group5": "percentage",
    "group6": "period",
    "group7": "pleasantries",
    "group8": "property",
    "group9": "space"
  },
  "language_code": "en",
  "patterns": {
    "createcandle:get_boolean": [
      "^\\s*is\\s*(?P<group12>%THING%)\\s*(?P<group0>%BOOLEAN%)\\s*$",
      "^\\s*has\\s*(?P<group12>%THING%)\\s*been\\s*(?P<group0>%BOOLEAN%)\\s*$",
      "^\\s*what\\s*is\\s*(?P<group0>%BOOLEAN%)\\s*of\\s*(?P<group8>%PROPERTY%)\\s*on\\s*(?P<group12>%THING%)\\s*$",
      "^\\s*what\\s*is\\s*(?P<group0>%BOOLEAN%)\\s*of\\s*(?P<group8>%PROPERTY%)\\s*replay\\s*button\\s*of\\s*(?P<group12>%THING%)\\s*$",
      "^\\s*is\\s*(?P<group8>%PROPERTY%)\\s*drawer\\s*of\\s*(?P<group12>%THING%)\\s*(?P<group0>%BOOLEAN%)\\s*$",
      "^\\s*has\\s*(?P<group12>%THING%)\\s*of\\s*fridge\\s*been\\s*(?P<group0>%BOOLEAN%)\\s*$",
      "^\\s*is\\s*(?P<group8>%PROPERTY%)\\s*of\\s*(?P<group12>%THING%)\\s*(?P<group0>%BOOLEAN%)\\s*$",
      "^\\s*has\\s*(?P<group12>%THING%)\\s*been\\s*switched\\s*(?P<group0>%BOOLEAN%)\\s*$",
      "^\\s*what\\s*is\\s*(?P<group0>%BOOLEAN%)\\s*of\\s*(?P<group12>%THING%)\\s*$",
      "^\\s*tell\\s*if\\s*(?P<group12>%THING%)\\s*is\\s*(?P<group0>%BOOLEAN%)\\s*$",
      "^\\s*tell\\s*(?P<group0>%BOOLEAN%)\\s*of\\s*(?P<group12>%THING%)\\s*$",
      "^\\s*is\\s*(?P<group8>%PROPERTY%)\\s*of\\s*(?P<group12>%THING%)\\s*sensor\\s*(?P<group0>%BOOLEAN%)\\s*$",
      "^\\s*has\\s*(?P<group8>%PROPERTY%)\\s*of\\s*(?P<group12>%THING%)\\s*been\\s*(?P<group0>%BOOLEAN%)\\s*$",
      "^\\s*has\\s*(?P<group8>%PROPERTY%)\\s*of\\s*(?P<group12>%THING%)\\s*been\\s*switched\\s*(?P<group0>%BOOLEAN%)\\s*$",
      "^\\s*is\\s*(?P<group8>%PROPERTY%)\\s*switch\\s*of\\s*(?P<group12>%THING%)\\s*(?P<group0>%BOOLEAN%)\\s*$",
      "^\\s*is\\s*(?P<group12>%THING%)\\s*door\\s*(?P<group0>%BOOLEAN%)\\s*$",
      "^\\s*is\\s*(?P<group8>%PROPERTY%)\\s*of\\s*(?P<group12>%THING%)\\s*still\\s*(?P<group0>%BOOLEAN%)\\s*$",
      "^\\s*has\\s*(?P<group8>%PROPERTY%)\\s*of\\s*(?P<group12>%THING%)\\s*been\\s*turned\\s*(?P<group0>%BOOLEAN%)\\s*$",
      "^\\s*is\\s*(?P<group12>%THING%)\\s*currently\\s*(?P<group0>%BOOLEAN%)\\s*$",
      "^\\s*what\\s*is\\s*current\\s*(?P<group0>%BOOLEAN%)\\s*of\\s*(?P<group8>%PROPERTY%)\\s*of\\s*(?P<group12>%THING%)\\s*$",
      "^\\s*what\\s*is\\s*currrent\\s*(?P<group0>%BOOLEAN%)\\s*of\\s*(?P<group12>%THING%)\\s*$",
      "^\\s*if\\s*(?P<group12>%THING%)\\s*(?P<group0>%BOOLEAN%)\\s*$",
      "^\\s*is\\s*(?P<group12>%THING%)\\s*switched\\s*(?P<group0>%BOOLEAN%)\\s*$",
      "^\\s*tell\\s*toggle\\s*(?P<group0>%BOOLEAN%)\\s*of\\s*(?P<group12>%THING%)\\s*$",
      "^\\s*what\\s*is\\s*current\\s*(?P<group0>%BOOLEAN%)\\s*of\\s*(?P<group12>%THING%)\\s*$"
    ],
    "createcandle:get_time": [
      "^\\s*may\\s*i\\s*ask\\s*time\\s*$",
      "^\\s*what\\s*time\\s*is\\s*it\\s*$",
      "^\\s*what\\s*s\\s*time\\s*$",
      "^\\s*tell\\s*time\\s*$",
      "^\\s*do\\s*have\\s*time\\s*$",
      "^\\s*share\\s*time\\s*with\\s*us\\s*$",
      "^\\s*tell\\s*us\\s*time\\s*$",
      "^\\s*what\\s*time\\s*are\\s*we\\s*living\\s*$",
      "^\\s*how\\s*late\\s*is\\s*it\\s*right\\s*$",
      "^\\s*what\\s*is\\s*time\\s*$",
      "^\\s*what\\s*time\\s*do\\s*have\\s*it\\s*$",
      "^\\s*tell\\s*us\\s*what\\s*time\\s*it\\s*is\\s*$",
      "^\\s*share\\s*time\\s*$",
      "^\\s*tell\\s*what\\s*time\\s*it\\s*is\\s*$",
      "^\\s*what\\s*is\\s*current\\s*time\\s*$",
      "^\\s*do\\s*know\\s*what\\s*time\\s*it\\s*is\\s*$",
      "^\\s*tell\\s*what\\s*time\\s*is\\s*right\\s*$",
      "^\\s*tell\\s*what\\s*time\\s*is\\s*$",
      "^\\s*tell\\s*how\\s*late\\s*it\\s*is\\s*$",
      "^\\s*how\\s*late\\s*is\\s*it\\s*$"
    ],
    "createcandle:get_timer_count": [
      "^\\s*how\\s*many\\s*(?P<group15>%TIMER_TYPE%)\\s*do\\s*i\\s*have\\s*$",
      "^\\s*how\\s*many\\s*(?P<group15>%TIMER_TYPE%)\\s*are\\s*currently\\s*active\\s*$",
      "^\\s*is\\s*(?P<group15>%TIMER_TYPE%)\\s*running\\s*right\\s*$",
      "^\\s*is\\s*(?P<group15>%TIMER_TYPE%)\\s*running\\s*$",
      "^\\s*is\\s*there\\s*(?P<group15>%TIMER_TYPE%)\\s*running\\s*$",
      "^\\s*is\\s*there\\s*(?P<group15>%TIMER_TYPE%)\\s*$",
      "^\\s*how\\s*many\\s*(?P<group15>%TIMER_TYPE%)\\s*are\\s*active\\s*$",
      "^\\s*say\\s*how\\s*many\\s*(?P<group15>%TIMER_TYPE%)\\s*are\\s*currently\\s*active\\s*$",
      "^\\s*share\\s*how\\s*many\\s*(?P<group15>%TIMER_TYPE%)\\s*are\\s*currently\\s*set\\s*$",
      "^\\s*are\\s*there\\s*lot\\s*of\\s*(?P<group15>%TIMER_TYPE%)\\s*$",
      "^\\s*how\\s*many\\s*(?P<group15>%TIMER_TYPE%)\\s*have\\s*been\\s*set\\s*$",
      "^\\s*tell\\s*how\\s*many\\s*(?P<group15>%TIMER_TYPE%)\\s*there\\s*are\\s*$",
      "^\\s*what\\s*is\\s*(?P<group15>%TIMER_TYPE%)\\s*count\\s*$",
      "^\\s*how\\s*many\\s*running\\s*(?P<group15>%TIMER_TYPE%)\\s*are\\s*there\\s*$",
      "^\\s*do\\s*have\\s*(?P<group15>%TIMER_TYPE%)\\s*running\\s*$",
      "^\\s*do\\s*have\\s*(?P<group15>%TIMER_TYPE%)\\s*set\\s*$",
      "^\\s*do\\s*have\\s*active\\s*(?P<group15>%TIMER_TYPE%)\\s*$",
      "^\\s*do\\s*have\\s*lot\\s*of\\s*(?P<group15>%TIMER_TYPE%)\\s*$",
      "^\\s*do\\s*have\\s*(?P<group15>%TIMER_TYPE%)\\s*count\\s*$",
      "^\\s*how\\s*many\\s*(?P<group15>%TIMER_TYPE%)\\s*are\\s*there\\s*right\\s*$",
      "^\\s*how\\s*many\\s*(?P<group15>%TIMER_TYPE%)\\s*do\\s*have\\s*$",
      "^\\s*how\\s*many\\s*(?P<group15>%TIMER_TYPE%)\\s*do\\s*currently\\s*have\\s*$",
      "^\\s*how\\s*many\\s*(?P<group15>%TIMER_TYPE%)\\s*are\\s*running\\s*$",
      "^\\s*how\\s*many\\s*(?P<group15>%TIMER_TYPE%)\\s*are\\s*currently\\s*set\\s*$",
      "^\\s*how\\s*many\\s*(?P<group15>%TIMER_TYPE%)\\s*are\\s*there\\s*$",
      "^\\s*how\\s*many\\s*(?P<group15>%TIMER_TYPE%)\\s*are\\s*set\\s*$"
    ],
    "createcandle:get_value": [
      "^\\s*what\\s*level\\s*does\\s*(?P<group12>%THING%)\\s*sensor\\s*indicate\\s*$",
      "^\\s*at\\s*what\\s*level\\s*is\\s*(?P<group12>%THING%)\\s*$",
      "^\\s*what\\s*is\\s*currently\\s*(?P<group8>%PROPERTY%)\\s*of\\s*(?P<group12>%THING%)\\s*sensor\\s*$",
      "^\\s*what\\s*is\\s*(?P<group8>%PROPERTY%)\\s*of\\s*(?P<group12>%THING%)\\s*$",
      "^\\s*what\\s*are\\s*(?P<group8>%PROPERTY%)\\s*of\\s*(?P<group12>%THING%)\\s*$",
      "^\\s*read\\s*(?P<group8>%PROPERTY%)\\s*of\\s*(?P<group12>%THING%)\\s*$",
      "^\\s*what\\s*is\\s*level\\s*of\\s*(?P<group12>%THING%)\\s*$",
      "^\\s*what\\s*is\\s*(?P<group8>%PROPERTY%)\\s*level\\s*of\\s*of\\s*(?P<group12>%THING%)\\s*$",
      "^\\s*tell\\s*(?P<group8>%PROPERTY%)\\s*of\\s*(?P<group12>%THING%)\\s*$",
      "^\\s*what\\s*(?P<group8>%PROPERTY%)\\s*is\\s*(?P<group12>%THING%)\\s*$",
      "^\\s*what\\s*are\\s*(?P<group12>%THING%)\\s*(?P<group8>%PROPERTY%)\\s*levels\\s*$",
      "^\\s*what\\s*are\\s*(?P<group8>%PROPERTY%)\\s*levels\\s*of\\s*(?P<group12>%THING%)\\s*$",
      "^\\s*how\\s*much\\s*(?P<group8>%PROPERTY%)\\s*has\\s*(?P<group12>%THING%)\\s*measured\\s*$",
      "^\\s*list\\s*(?P<group8>%PROPERTY%)\\s*values\\s*of\\s*(?P<group12>%THING%)\\s*$",
      "^\\s*what\\s*is\\s*(?P<group8>%PROPERTY%)\\s*level\\s*of\\s*(?P<group12>%THING%)\\s*$",
      "^\\s*list\\s*(?P<group12>%THING%)\\s*(?P<group8>%PROPERTY%)\\s*values\\s*$",
      "^\\s*what\\s*are\\s*(?P<group12>%THING%)\\s*(?P<group8>%PROPERTY%)\\s*values\\s*$",
      "^\\s*what\\s*is\\s*(?P<group12>%THING%)\\s*(?P<group8>%PROPERTY%)\\s*level\\s*$",
      "^\\s*what\\s*does\\s*(?P<group12>%THING%)\\s*say\\s*$",
      "^\\s*what\\s*does\\s*(?P<group12>%THING%)\\s*indicate\\s*$",
      "^\\s*what\\s*does\\s*(?P<group12>%THING%)\\s*(?P<group8>%PROPERTY%)\\s*level\\s*say\\s*$",
      "^\\s*what\\s*does\\s*(?P<group12>%THING%)\\s*(?P<group8>%PROPERTY%)\\s*indicate\\s*$",
      "^\\s*what\\s*is\\s*state\\s*of\\s*(?P<group8>%PROPERTY%)\\s*of\\s*(?P<group12>%THING%)\\s*$",
      "^\\s*what\\s*does\\s*(?P<group8>%PROPERTY%)\\s*of\\s*(?P<group12>%THING%)\\s*indicate\\s*$",
      "^\\s*what\\s*level\\s*is\\s*(?P<group8>%PROPERTY%)\\s*sensor\\s*of\\s*(?P<group12>%THING%)\\s*$",
      "^\\s*what\\s*level\\s*is\\s*(?P<group8>%PROPERTY%)\\s*of\\s*(?P<group12>%THING%)\\s*$",
      "^\\s*what\\s*level\\s*is\\s*(?P<group12>%THING%)\\s*$",
      "^\\s*how\\s*much\\s*is\\s*(?P<group12>%THING%)\\s*indicating\\s*$",
      "^\\s*how\\s*high\\s*is\\s*(?P<group12>%THING%)\\s*$",
      "^\\s*how\\s*bad\\s*is\\s*(?P<group12>%THING%)\\s*$",
      "^\\s*how\\s*(?P<group8>%PROPERTY%)\\s*is\\s*(?P<group12>%THING%)\\s*$",
      "^\\s*what\\s*is\\s*current\\s*(?P<group8>%PROPERTY%)\\s*of\\s*(?P<group12>%THING%)\\s*$",
      "^\\s*how\\s*many\\s*(?P<group8>%PROPERTY%)\\s*is\\s*(?P<group12>%THING%)\\s*showing\\s*$",
      "^\\s*how\\s*much\\s*(?P<group8>%PROPERTY%)\\s*is\\s*in\\s*(?P<group12>%THING%)\\s*$",
      "^\\s*how\\s*much\\s*(?P<group8>%PROPERTY%)\\s*did\\s*(?P<group12>%THING%)\\s*detect\\s*$",
      "^\\s*how\\s*high\\s*is\\s*(?P<group4>%SNIPSORDINAL%)\\s*sensor\\s*of\\s*(?P<group12>%THING%)\\s*$",
      "^\\s*how\\s*moist\\s*is\\s*(?P<group4>%SNIPSORDINAL%)\\s*sensor\\s*of\\s*(?P<group12>%THING%)\\s*$",
      "^\\s*how\\s*much\\s*is\\s*(?P<group8>%PROPERTY%)\\s*of\\s*(?P<group12>%THING%)\\s*$",
      "^\\s*how\\s*high\\s*is\\s*(?P<group8>%PROPERTY%)\\s*of\\s*(?P<group12>%THING%)\\s*$"
    ],
    "createcandle:list_timers": [
      "^\\s*what\\s*are\\s*(?P<group14>%TIMER_LAST%)\\s*(?P<group15>%TIMER_TYPE%)\\s*$",
      "^\\s*tell\\s*(?P<group14>%TIMER_LAST%)\\s*(?P<group15>%TIMER_TYPE%)\\s*$",
      "^\\s*(?P<group7>%PLEASANTRIES%)\\s*give\\s*overview\\s*of\\s*(?P<group14>%TIMER_LAST%)\\s*(?P<group15>%TIMER_TYPE%)\\s*$",
      "^\\s*(?P<group7>%PLEASANTRIES%)\\s*give\\s*(?P<group14>%TIMER_LAST%)\\s*(?P<group15>%TIMER_TYPE%)\\s*in\\s*list\\s*$",
      "^\\s*can\\s*give\\s*(?P<group14>%TIMER_LAST%)\\s*(?P<group15>%TIMER_TYPE%)\\s*$",
      "^\\s*tell\\s*what\\s*(?P<group15>%TIMER_TYPE%)\\s*are\\s*$",
      "^\\s*speak\\s*(?P<group14>%TIMER_LAST%)\\s*(?P<group15>%TIMER_TYPE%)\\s*$",
      "^\\s*say\\s*(?P<group14>%TIMER_LAST%)\\s*(?P<group15>%TIMER_TYPE%)\\s*$",
      "^\\s*give\\s*(?P<group14>%TIMER_LAST%)\\s*of\\s*(?P<group15>%TIMER_TYPE%)\\s*$",
      "^\\s*list\\s*(?P<group15>%TIMER_TYPE%)\\s*$",
      "^\\s*(?P<group7>%PLEASANTRIES%)\\s*give\\s*list\\s*of\\s*(?P<group14>%TIMER_LAST%)\\s*(?P<group15>%TIMER_TYPE%)\\s*are\\s*currently\\s*set\\s*$",
      "^\\s*in\\s*how\\s*many\\s*days\\s*does\\s*(?P<group14>%TIMER_LAST%)\\s*(?P<group15>%TIMER_TYPE%)\\s*go\\s*off\\s*$",
      "^\\s*in\\s*how\\s*many\\s*seconds\\s*does\\s*(?P<group15>%TIMER_TYPE%)\\s*stop\\s*$",
      "^\\s*in\\s*how\\s*many\\s*minutes\\s*does\\s*(?P<group15>%TIMER_TYPE%)\\s*stop\\s*$",
      "^\\s*when\\s*do\\s*(?P<group15>%TIMER_TYPE%)\\s*stop\\s*$",
      "^\\s*when\\s*are\\s*(?P<group15>%TIMER_TYPE%)\\s*scheduled\\s*go\\s*off\\s*$",
      "^\\s*can\\s*(?P<group7>%PLEASANTRIES%)\\s*tell\\s*at\\s*what\\s*times\\s*(?P<group15>%TIMER_TYPE%)\\s*will\\s*go\\s*off\\s*$",
      "^\\s*until\\s*when\\s*is\\s*(?P<group14>%TIMER_LAST%)\\s*(?P<group15>%TIMER_TYPE%)\\s*$",
      "^\\s*when\\s*are\\s*(?P<group14>%TIMER_LAST%)\\s*(?P<group15>%TIMER_TYPE%)\\s*$",
      "^\\s*can\\s*tell\\s*(?P<group14>%TIMER_LAST%)\\s*(?P<group15>%TIMER_TYPE%)\\s*please\\s*$",
      "^\\s*can\\s*give\\s*list\\s*of\\s*(?P<group14>%TIMER_LAST%)\\s*(?P<group15>%TIMER_TYPE%)\\s*$",
      "^\\s*how\\s*much\\s*time\\s*is\\s*left\\s*for\\s*(?P<group15>%TIMER_TYPE%)\\s*$",
      "^\\s*how\\s*much\\s*time\\s*is\\s*there\\s*left\\s*for\\s*(?P<group15>%TIMER_TYPE%)\\s*$",
      "^\\s*how\\s*much\\s*time\\s*is\\s*there\\s*left\\s*until\\s*(?P<group14>%TIMER_LAST%)\\s*(?P<group15>%TIMER_TYPE%)\\s*ends\\s*$",
      "^\\s*when\\s*is\\s*(?P<group14>%TIMER_LAST%)\\s*(?P<group15>%TIMER_TYPE%)\\s*for\\s*$",
      "^\\s*how\\s*much\\s*longer\\s*will\\s*(?P<group15>%TIMER_TYPE%)\\s*continue\\s*$",
      "^\\s*how\\s*long\\s*does\\s*(?P<group15>%TIMER_TYPE%)\\s*have\\s*go\\s*$",
      "^\\s*when\\s*is\\s*(?P<group15>%TIMER_TYPE%)\\s*ending\\s*$",
      "^\\s*when\\s*is\\s*(?P<group14>%TIMER_LAST%)\\s*(?P<group15>%TIMER_TYPE%)\\s*scheduled\\s*$",
      "^\\s*what\\s*time\\s*is\\s*(?P<group14>%TIMER_LAST%)\\s*(?P<group15>%TIMER_TYPE%)\\s*for\\s*$",
      "^\\s*what\\s*are\\s*(?P<group14>%TIMER_LAST%)\\s*(?P<group15>%TIMER_TYPE%)\\s*for\\s*$",
      "^\\s*what\\s*is\\s*content\\s*of\\s*(?P<group14>%TIMER_LAST%)\\s*(?P<group15>%TIMER_TYPE%)\\s*$",
      "^\\s*can\\s*tell\\s*what\\s*(?P<group14>%TIMER_LAST%)\\s*(?P<group15>%TIMER_TYPE%)\\s*are\\s*$",
      "^\\s*when\\s*will\\s*(?P<group15>%TIMER_TYPE%)\\s*go\\s*off\\s*$",
      "^\\s*when\\s*wil\\s*(?P<group15>%TIMER_TYPE%)\\s*go\\s*off\\s*$",
      "^\\s*could\\s*tell\\s*at\\s*what\\s*times\\s*(?P<group15>%TIMER_TYPE%)\\s*are\\s*set\\s*$",
      "^\\s*can\\s*tell\\s*at\\s*what\\s*times\\s*(?P<group15>%TIMER_TYPE%)\\s*will\\s*go\\s*off\\s*(?P<group7>%PLEASANTRIES%)\\s*$",
      "^\\s*(?P<group7>%PLEASANTRIES%)\\s*tell\\s*at\\s*what\\s*times\\s*(?P<group15>%TIMER_TYPE%)\\s*will\\s*go\\s*off\\s*$",
      "^\\s*(?P<group7>%PLEASANTRIES%)\\s*list\\s*moments\\s*(?P<group15>%TIMER_TYPE%)\\s*will\\s*go\\s*off\\s*$",
      "^\\s*what\\s*are\\s*times\\s*when\\s*(?P<group15>%TIMER_TYPE%)\\s*will\\s*go\\s*off\\s*$",
      "^\\s*what\\s*are\\s*moments\\s*when\\s*(?P<group15>%TIMER_TYPE%)\\s*will\\s*go\\s*off\\s*$",
      "^\\s*can\\s*list\\s*(?P<group14>%TIMER_LAST%)\\s*moments\\s*when\\s*(?P<group15>%TIMER_TYPE%)\\s*will\\s*go\\s*off\\s*$",
      "^\\s*at\\s*what\\s*moment\\s*will\\s*(?P<group14>%TIMER_LAST%)\\s*(?P<group15>%TIMER_TYPE%)\\s*go\\s*off\\s*$",
      "^\\s*when\\s*will\\s*(?P<group14>%TIMER_LAST%)\\s*(?P<group15>%TIMER_TYPE%)\\s*i\\s*added\\s*go\\s*off\\s*$",
      "^\\s*what\\s*is\\s*moment\\s*when\\s*(?P<group14>%TIMER_LAST%)\\s*(?P<group15>%TIMER_TYPE%)\\s*will\\s*go\\s*off\\s*$",
      "^\\s*what\\s*is\\s*end\\s*time\\s*of\\s*(?P<group14>%TIMER_LAST%)\\s*(?P<group15>%TIMER_TYPE%)\\s*$",
      "^\\s*when\\s*will\\s*(?P<group14>%TIMER_LAST%)\\s*reminder\\s*end\\s*$",
      "^\\s*when\\s*is\\s*(?P<group15>%TIMER_TYPE%)\\s*finished\\s*$",
      "^\\s*when\\s*will\\s*(?P<group15>%TIMER_TYPE%)\\s*activate\\s*$",
      "^\\s*when\\s*will\\s*(?P<group14>%TIMER_LAST%)\\s*(?P<group15>%TIMER_TYPE%)\\s*activate\\s*$",
      "^\\s*when\\s*will\\s*(?P<group14>%TIMER_LAST%)\\s*(?P<group15>%TIMER_TYPE%)\\s*go\\s*off\\s*$",
      "^\\s*at\\s*what\\s*date\\s*will\\s*(?P<group14>%TIMER_LAST%)\\s*alarm\\s*go\\s*off\\s*$",
      "^\\s*at\\s*what\\s*time\\s*will\\s*(?P<group14>%TIMER_LAST%)\\s*(?P<group15>%TIMER_TYPE%)\\s*go\\s*off\\s*again\\s*$",
      "^\\s*for\\s*when\\s*is\\s*(?P<group14>%TIMER_LAST%)\\s*timer\\s*set\\s*$",
      "^\\s*(?P<group7>%PLEASANTRIES%)\\s*tell\\s*when\\s*(?P<group14>%TIMER_LAST%)\\s*(?P<group15>%TIMER_TYPE%)\\s*will\\s*go\\s*off\\s*$",
      "^\\s*(?P<group7>%PLEASANTRIES%)\\s*tell\\s*(?P<group14>%TIMER_LAST%)\\s*(?P<group15>%TIMER_TYPE%)\\s*$",
      "^\\s*what\\s*is\\s*(?P<group14>%TIMER_LAST%)\\s*(?P<group15>%TIMER_TYPE%)\\s*$",
      "^\\s*what\\s*are\\s*(?P<group15>%TIMER_TYPE%)\\s*$",
      "^\\s*can\\s*tell\\s*us\\s*(?P<group14>%TIMER_LAST%)\\s*currently\\s*set\\s*(?P<group15>%TIMER_TYPE%)\\s*$",
      "^\\s*do\\s*have\\s*overview\\s*of\\s*(?P<group14>%TIMER_LAST%)\\s*(?P<group15>%TIMER_TYPE%)\\s*for\\s*$",
      "^\\s*can\\s*tell\\s*when\\s*(?P<group14>%TIMER_LAST%)\\s*(?P<group15>%TIMER_TYPE%)\\s*will\\s*go\\s*off\\s*$",
      "^\\s*can\\s*tell\\s*when\\s*(?P<group14>%TIMER_LAST%)\\s*added\\s*(?P<group15>%TIMER_TYPE%)\\s*will\\s*go\\s*off\\s*$",
      "^\\s*can\\s*tell\\s*time\\s*of\\s*(?P<group14>%TIMER_LAST%)\\s*added\\s*(?P<group15>%TIMER_TYPE%)\\s*$",
      "^\\s*can\\s*tell\\s*what\\s*(?P<group14>%TIMER_LAST%)\\s*added\\s*(?P<group15>%TIMER_TYPE%)\\s*says\\s*$",
      "^\\s*what\\s*was\\s*(?P<group14>%TIMER_LAST%)\\s*added\\s*(?P<group15>%TIMER_TYPE%)\\s*again\\s*$",
      "^\\s*what\\s*are\\s*(?P<group14>%TIMER_LAST%)\\s*(?P<group15>%TIMER_TYPE%)\\s*are\\s*active\\s*$",
      "^\\s*can\\s*give\\s*overview\\s*of\\s*(?P<group14>%TIMER_LAST%)\\s*currently\\s*set\\s*(?P<group15>%TIMER_TYPE%)\\s*$",
      "^\\s*can\\s*tll\\s*(?P<group14>%TIMER_LAST%)\\s*(?P<group15>%TIMER_TYPE%)\\s*are\\s*currently\\s*set\\s*$",
      "^\\s*do\\s*have\\s*list\\s*of\\s*(?P<group14>%TIMER_LAST%)\\s*(?P<group15>%TIMER_TYPE%)\\s*$",
      "^\\s*(?P<group7>%PLEASANTRIES%)\\s*give\\s*list\\s*of\\s*(?P<group14>%TIMER_LAST%)\\s*currently\\s*enabled\\s*(?P<group15>%TIMER_TYPE%)\\s*$"
    ],
    "createcandle:set_state": [
      "^\\s*(?P<group0>%BOOLEAN%)\\s*(?P<group12>%THING%)\\s*(?P<group13>%SNIPSDATETIME%)\\s*$",
      "^\\s*(?P<group0>%BOOLEAN%)\\s*(?P<group12>%THING%)\\s*(?P<group6>%PERIOD%)\\s*(?P<group13>%SNIPSDATETIME%)\\s*$",
      "^\\s*(?P<group0>%BOOLEAN%)\\s*(?P<group12>%THING%)\\s*(?P<group6>%PERIOD%)\\s*(?P<group2>%SNIPSDURATION%)\\s*$",
      "^\\s*(?P<group0>%BOOLEAN%)\\s*(?P<group9>%SPACE%)\\s*(?P<group12>%THING%)\\s*(?P<group13>%SNIPSDATETIME%)\\s*$",
      "^\\s*(?P<group7>%PLEASANTRIES%)\\s*(?P<group0>%BOOLEAN%)\\s*(?P<group12>%THING%)\\s*(?P<group13>%SNIPSDATETIME%)\\s*$",
      "^\\s*(?P<group0>%BOOLEAN%)\\s*(?P<group8>%PROPERTY%)\\s*of\\s*(?P<group12>%THING%)\\s*(?P<group13>%SNIPSDATETIME%)\\s*$",
      "^\\s*(?P<group0>%BOOLEAN%)\\s*(?P<group12>%THING%)\\s*at\\s*(?P<group13>%SNIPSDATETIME%)\\s*$",
      "^\\s*(?P<group0>%BOOLEAN%)\\s*(?P<group8>%PROPERTY%)\\s*of\\s*(?P<group12>%THING%)\\s*$",
      "^\\s*(?P<group7>%PLEASANTRIES%)\\s*(?P<group0>%BOOLEAN%)\\s*(?P<group12>%THING%)\\s*(?P<group6>%PERIOD%)\\s*(?P<group2>%SNIPSDURATION%)\\s*$",
      "^\\s*(?P<group13>%SNIPSDATETIME%)\\s*(?P<group0>%BOOLEAN%)\\s*(?P<group12>%THING%)\\s*$",
      "^\\s*(?P<group0>%BOOLEAN%)\\s*(?P<group8>%PROPERTY%)\\s*(?P<group9>%SPACE%)\\s*(?P<group12>%THING%)\\s*$",
      "^\\s*(?P<group0>%BOOLEAN%)\\s*(?P<group9>%SPACE%)\\s*(?P<group12>%THING%)\\s*$",
      "^\\s*(?P<group7>%PLEASANTRIES%)\\s*(?P<group0>%BOOLEAN%)\\s*(?P<group12>%THING%)\\s*at\\s*(?P<group13>%SNIPSDATETIME%)\\s*$",
      "^\\s*(?P<group7>%PLEASANTRIES%)\\s*(?P<group7_2>%PLEASANTRIES%)\\s*(?P<group0>%BOOLEAN%)\\s*(?P<group12>%THING%)\\s*(?P<group13>%SNIPSDATETIME%)\\s*$",
      "^\\s*(?P<group7>%PLEASANTRIES%)\\s*(?P<group7_2>%PLEASANTRIES%)\\s*(?P<group0>%BOOLEAN%)\\s*(?P<group9>%SPACE%)\\s*(?P<group12>%THING%)\\s*at\\s*(?P<group13>%SNIPSDATETIME%)\\s*$",
      "^\\s*(?P<group13>%SNIPSDATETIME%)\\s*(?P<group7>%PLEASANTRIES%)\\s*(?P<group0>%BOOLEAN%)\\s*(?P<group9>%SPACE%)\\s*(?P<group12>%THING%)\\s*$",
      "^\\s*(?P<group7>%PLEASANTRIES%)\\s*(?P<group0>%BOOLEAN%)\\s*(?P<group9>%SPACE%)\\s*(?P<group12>%THING%)\\s*(?P<group6>%PERIOD%)\\s*(?P<group13>%SNIPSDATETIME%)\\s*$",
      "^\\s*(?P<group7>%PLEASANTRIES%)\\s*(?P<group0>%BOOLEAN%)\\s*(?P<group12>%THING%)\\s*(?P<group6>%PERIOD%)\\s*(?P<group13>%SNIPSDATETIME%)\\s*$",
      "^\\s*i\\s*d\\s*like\\s*(?P<group0>%BOOLEAN%)\\s*(?P<group12>%THING%)\\s*(?P<group6>%PERIOD%)\\s*(?P<group2>%SNIPSDURATION%)\\s*$",
      "^\\s*(?P<group7>%PLEASANTRIES%)\\s*(?P<group7_2>%PLEASANTRIES%)\\s*(?P<group0>%BOOLEAN%)\\s*(?P<group12>%THING%)\\s*(?P<group6>%PERIOD%)\\s*(?P<group2>%SNIPSDURATION%)\\s*$",
      "^\\s*(?P<group13>%SNIPSDATETIME%)\\s*(?P<group7>%PLEASANTRIES%)\\s*(?P<group0>%BOOLEAN%)\\s*(?P<group12>%THING%)\\s*in\\s*(?P<group9>%SPACE%)\\s*$",
      "^\\s*(?P<group6>%PERIOD%)\\s*(?P<group2>%SNIPSDURATION%)\\s*(?P<group7>%PLEASANTRIES%)\\s*(?P<group0>%BOOLEAN%)\\s*(?P<group12>%THING%)\\s*$",
      "^\\s*(?P<group6>%PERIOD%)\\s*(?P<group13>%SNIPSDATETIME%)\\s*can\\s*(?P<group7>%PLEASANTRIES%)\\s*(?P<group0>%BOOLEAN%)\\s*(?P<group12>%THING%)\\s*$",
      "^\\s*(?P<group7>%PLEASANTRIES%)\\s*turn\\s*(?P<group12>%THING%)\\s*(?P<group0>%BOOLEAN%)\\s*(?P<group6>%PERIOD%)\\s*(?P<group2>%SNIPSDURATION%)\\s*(?P<group7_2>%PLEASANTRIES%)\\s*$",
      "^\\s*(?P<group0>%BOOLEAN%)\\s*(?P<group9>%SPACE%)\\s*(?P<group12>%THING%)\\s*(?P<group6>%PERIOD%)\\s*(?P<group2>%SNIPSDURATION%)\\s*$",
      "^\\s*at\\s*(?P<group13>%SNIPSDATETIME%)\\s*(?P<group0>%BOOLEAN%)\\s*(?P<group12>%THING%)\\s*$",
      "^\\s*(?P<group6>%PERIOD%)\\s*(?P<group2>%SNIPSDURATION%)\\s*(?P<group0>%BOOLEAN%)\\s*(?P<group12>%THING%)\\s*$",
      "^\\s*set\\s*(?P<group3>%SNIPSNUMBER%)\\s*(?P<group8>%PROPERTY%)\\s*of\\s*(?P<group12>%THING%)\\s*(?P<group0>%BOOLEAN%)\\s*$",
      "^\\s*(?P<group0>%BOOLEAN%)\\s*(?P<group3>%SNIPSNUMBER%)\\s*(?P<group8>%PROPERTY%)\\s*on\\s*(?P<group12>%THING%)\\s*$",
      "^\\s*(?P<group0>%BOOLEAN%)\\s*(?P<group3>%SNIPSNUMBER%)\\s*(?P<group8>%PROPERTY%)\\s*of\\s*(?P<group12>%THING%)\\s*$",
      "^\\s*(?P<group0>%BOOLEAN%)\\s*(?P<group3>%SNIPSNUMBER%)\\s*(?P<group8>%PROPERTY%)\\s*on\\s*(?P<group12>%THING%)\\s*when\\s*it\\s*s\\s*(?P<group13>%SNIPSDATETIME%)\\s*$",
      "^\\s*(?P<group0>%BOOLEAN%)\\s*(?P<group12>%THING%)\\s*when\\s*it\\s*s\\s*(?P<group13>%SNIPSDATETIME%)\\s*$",
      "^\\s*(?P<group0>%BOOLEAN%)\\s*(?P<group3>%SNIPSNUMBER%)\\s*(?P<group8>%PROPERTY%)\\s*of\\s*(?P<group12>%THING%)\\s*when\\s*it\\s*s\\s*(?P<group13>%SNIPSDATETIME%)\\s*$",
      "^\\s*(?P<group0>%BOOLEAN%)\\s*(?P<group3>%SNIPSNUMBER%)\\s*(?P<group8>%PROPERTY%)\\s*of\\s*(?P<group12>%THING%)\\s*at\\s*(?P<group10>%SPECIAL_TIME%)\\s*$",
      "^\\s*when\\s*it\\s*s\\s*(?P<group10>%SPECIAL_TIME%)\\s*(?P<group0>%BOOLEAN%)\\s*(?P<group12>%THING%)\\s*$",
      "^\\s*at\\s*(?P<group10>%SPECIAL_TIME%)\\s*(?P<group0>%BOOLEAN%)\\s*(?P<group12>%THING%)\\s*$",
      "^\\s*when\\s*(?P<group10>%SPECIAL_TIME%)\\s*please\\s*(?P<group0>%BOOLEAN%)\\s*(?P<group12>%THING%)\\s*$",
      "^\\s*(?P<group0>%BOOLEAN%)\\s*(?P<group3>%SNIPSNUMBER%)\\s*(?P<group8>%PROPERTY%)\\s*of\\s*(?P<group12>%THING%)\\s*at\\s*(?P<group13>%SNIPSDATETIME%)\\s*$",
      "^\\s*at\\s*(?P<group13>%SNIPSDATETIME%)\\s*precisely\\s*(?P<group0>%BOOLEAN%)\\s*(?P<group12>%THING%)\\s*$",
      "^\\s*(?P<group0>%BOOLEAN%)\\s*(?P<group12>%THING%)\\s*at\\s*(?P<group10>%SPECIAL_TIME%)\\s*$",
      "^\\s*when\\s*(?P<group10>%SPECIAL_TIME%)\\s*(?P<group0>%BOOLEAN%)\\s*(?P<group9>%SPACE%)\\s*(?P<group12>%THING%)\\s*$",
      "^\\s*(?P<group7>%PLEASANTRIES%)\\s*(?P<group0>%BOOLEAN%)\\s*(?P<group12>%THING%)\\s*after\\s*(?P<group2>%SNIPSDURATION%)\\s*$",
      "^\\s*(?P<group0>%BOOLEAN%)\\s*(?P<group12>%THING%)\\s*after\\s*(?P<group2>%SNIPSDURATION%)\\s*$",
      "^\\s*wait\\s*(?P<group2>%SNIPSDURATION%)\\s*(?P<group0>%BOOLEAN%)\\s*(?P<group12>%THING%)\\s*$",
      "^\\s*after\\s*(?P<group2>%SNIPSDURATION%)\\s*turn\\s*(?P<group0>%BOOLEAN%)\\s*(?P<group12>%THING%)\\s*$",
      "^\\s*in\\s*(?P<group2>%SNIPSDURATION%)\\s*(?P<group0>%BOOLEAN%)\\s*(?P<group3>%SNIPSNUMBER%)\\s*(?P<group8>%PROPERTY%)\\s*of\\s*(?P<group12>%THING%)\\s*$",
      "^\\s*(?P<group0>%BOOLEAN%)\\s*(?P<group3>%SNIPSNUMBER%)\\s*(?P<group8>%PROPERTY%)\\s*of\\s*(?P<group12>%THING%)\\s*in\\s*(?P<group2>%SNIPSDURATION%)\\s*$",
      "^\\s*(?P<group0>%BOOLEAN%)\\s*(?P<group8>%PROPERTY%)\\s*(?P<group12>%THING%)\\s*$",
      "^\\s*(?P<group7>%PLEASANTRIES%)\\s*(?P<group0>%BOOLEAN%)\\s*(?P<group12>%THING%)\\s*$",
      "^\\s*(?P<group0>%BOOLEAN%)\\s*(?P<group12>%THING%)\\s*$",
      "^\\s*set\\s*(?P<group12>%THING%)\\s*(?P<group0>%BOOLEAN%)\\s*$",
      "^\\s*(?P<group0>%BOOLEAN%)\\s*(?P<group8>%PROPERTY%)\\s*(?P<group3>%SNIPSNUMBER%)\\s*on\\s*(?P<group12>%THING%)\\s*$",
      "^\\s*turn\\s*(?P<group8>%PROPERTY%)\\s*(?P<group3>%SNIPSNUMBER%)\\s*on\\s*(?P<group12>%THING%)\\s*(?P<group0>%BOOLEAN%)\\s*$",
      "^\\s*set\\s*(?P<group8>%PROPERTY%)\\s*(?P<group3>%SNIPSNUMBER%)\\s*on\\s*(?P<group12>%THING%)\\s*be\\s*(?P<group0>%BOOLEAN%)\\s*$",
      "^\\s*(?P<group0>%BOOLEAN%)\\s*(?P<group12>%THING%)\\s*in\\s*(?P<group9>%SPACE%)\\s*$"
    ],
    "createcandle:set_timer": [
      "^\\s*set\\s*(?P<group15>%TIMER_TYPE%)\\s*for\\s*(?P<group13>%SNIPSDATETIME%)\\s*go\\s*dentist\\s*$",
      "^\\s*in\\s*(?P<group2>%SNIPSDURATION%)\\s*(?P<group15>%TIMER_TYPE%)\\s*put\\s*food\\s*in\\s*fridge\\s*$",
      "^\\s*in\\s*(?P<group2>%SNIPSDURATION%)\\s*(?P<group15>%TIMER_TYPE%)\\s*take\\s*out\\s*load\\s*from\\s*washing\\s*machine\\s*$",
      "^\\s*(?P<group15>%TIMER_TYPE%)\\s*go\\s*vote\\s*in\\s*(?P<group2>%SNIPSDURATION%)\\s*$",
      "^\\s*(?P<group15>%TIMER_TYPE%)\\s*take\\s*out\\s*trash\\s*in\\s*(?P<group2>%SNIPSDURATION%)\\s*$",
      "^\\s*(?P<group15>%TIMER_TYPE%)\\s*watch\\s*documentary\\s*alice\\s*cooper\\s*in\\s*(?P<group2>%SNIPSDURATION%)\\s*$",
      "^\\s*(?P<group15>%TIMER_TYPE%)\\s*write\\s*letter\\s*in\\s*(?P<group2>%SNIPSDURATION%)\\s*$",
      "^\\s*(?P<group15>%TIMER_TYPE%)\\s*copy\\s*contract\\s*in\\s*(?P<group2>%SNIPSDURATION%)\\s*$",
      "^\\s*(?P<group15>%TIMER_TYPE%)\\s*wake\\s*kids\\s*in\\s*(?P<group2>%SNIPSDURATION%)\\s*$",
      "^\\s*(?P<group15>%TIMER_TYPE%)\\s*go\\s*sleep\\s*in\\s*(?P<group2>%SNIPSDURATION%)\\s*$",
      "^\\s*(?P<group15>%TIMER_TYPE%)\\s*take\\s*cake\\s*out\\s*of\\s*oven\\s*in\\s*(?P<group2>%SNIPSDURATION%)\\s*$",
      "^\\s*(?P<group15>%TIMER_TYPE%)\\s*go\\s*camping\\s*in\\s*(?P<group2>%SNIPSDURATION%)\\s*$",
      "^\\s*(?P<group15>%TIMER_TYPE%)\\s*pay\\s*taxes\\s*in\\s*(?P<group2>%SNIPSDURATION%)\\s*$",
      "^\\s*(?P<group15>%TIMER_TYPE%)\\s*go\\s*bed\\s*in\\s*(?P<group2>%SNIPSDURATION%)\\s*$",
      "^\\s*(?P<group15>%TIMER_TYPE%)\\s*set\\s*sail\\s*in\\s*(?P<group2>%SNIPSDURATION%)\\s*$",
      "^\\s*(?P<group15>%TIMER_TYPE%)\\s*go\\s*jogging\\s*in\\s*(?P<group2>%SNIPSDURATION%)\\s*$",
      "^\\s*(?P<group15>%TIMER_TYPE%)\\s*ask\\s*martin\\s*for\\s*advice\\s*mixers\\s*in\\s*(?P<group2>%SNIPSDURATION%)\\s*$",
      "^\\s*(?P<group15>%TIMER_TYPE%)\\s*go\\s*hunting\\s*in\\s*(?P<group2>%SNIPSDURATION%)\\s*$",
      "^\\s*at\\s*(?P<group13>%SNIPSDATETIME%)\\s*(?P<group15>%TIMER_TYPE%)\\s*pick\\s*up\\s*sally\\s*from\\s*port\\s*$",
      "^\\s*at\\s*(?P<group13>%SNIPSDATETIME%)\\s*(?P<group15>%TIMER_TYPE%)\\s*donate\\s*our\\s*clothes\\s*poor\\s*$",
      "^\\s*(?P<group13>%SNIPSDATETIME%)\\s*(?P<group15>%TIMER_TYPE%)\\s*write\\s*thank\\s*note\\s*for\\s*mathilda\\s*$",
      "^\\s*at\\s*(?P<group13>%SNIPSDATETIME%)\\s*(?P<group15>%TIMER_TYPE%)\\s*invite\\s*paris\\s*dinner\\s*$",
      "^\\s*(?P<group15>%TIMER_TYPE%)\\s*get\\s*tickets\\s*for\\s*moscow\\s*ballet\\s*at\\s*(?P<group13>%SNIPSDATETIME%)\\s*$",
      "^\\s*(?P<group15>%TIMER_TYPE%)\\s*take\\s*away\\s*old\\s*batteries\\s*recycling\\s*in\\s*(?P<group2>%SNIPSDURATION%)\\s*$",
      "^\\s*(?P<group15>%TIMER_TYPE%)\\s*send\\s*birthday\\s*card\\s*michel\\s*at\\s*(?P<group13>%SNIPSDATETIME%)\\s*$",
      "^\\s*(?P<group15>%TIMER_TYPE%)\\s*go\\s*airport\\s*at\\s*(?P<group13>%SNIPSDATETIME%)\\s*$",
      "^\\s*(?P<group15>%TIMER_TYPE%)\\s*visit\\s*flower\\s*shop\\s*in\\s*(?P<group2>%SNIPSDURATION%)\\s*$",
      "^\\s*(?P<group15>%TIMER_TYPE%)\\s*go\\s*ball\\s*game\\s*in\\s*(?P<group2>%SNIPSDURATION%)\\s*$",
      "^\\s*(?P<group15>%TIMER_TYPE%)\\s*go\\s*swimming\\s*in\\s*(?P<group2>%SNIPSDURATION%)\\s*$",
      "^\\s*(?P<group15>%TIMER_TYPE%)\\s*watch\\s*game\\s*of\\s*thrones\\s*at\\s*(?P<group13>%SNIPSDATETIME%)\\s*$",
      "^\\s*(?P<group15>%TIMER_TYPE%)\\s*practise\\s*piano\\s*in\\s*(?P<group2>%SNIPSDURATION%)\\s*$",
      "^\\s*(?P<group15>%TIMER_TYPE%)\\s*play\\s*basketball\\s*in\\s*(?P<group2>%SNIPSDURATION%)\\s*$",
      "^\\s*(?P<group15>%TIMER_TYPE%)\\s*order\\s*cheese\\s*in\\s*(?P<group2>%SNIPSDURATION%)\\s*$",
      "^\\s*in\\s*(?P<group2>%SNIPSDURATION%)\\s*(?P<group15>%TIMER_TYPE%)\\s*have\\s*glass\\s*of\\s*water\\s*$",
      "^\\s*(?P<group15>%TIMER_TYPE%)\\s*return\\s*package\\s*in\\s*(?P<group2>%SNIPSDURATION%)\\s*$",
      "^\\s*(?P<group15>%TIMER_TYPE%)\\s*get\\s*insurance\\s*in\\s*(?P<group2>%SNIPSDURATION%)\\s*$",
      "^\\s*(?P<group15>%TIMER_TYPE%)\\s*take\\s*shower\\s*in\\s*(?P<group2>%SNIPSDURATION%)\\s*$",
      "^\\s*(?P<group15>%TIMER_TYPE%)\\s*write\\s*on\\s*book\\s*in\\s*(?P<group2>%SNIPSDURATION%)\\s*$",
      "^\\s*(?P<group15>%TIMER_TYPE%)\\s*water\\s*plants\\s*in\\s*(?P<group2>%SNIPSDURATION%)\\s*$",
      "^\\s*(?P<group15>%TIMER_TYPE%)\\s*do\\s*dishes\\s*in\\s*(?P<group2>%SNIPSDURATION%)\\s*$",
      "^\\s*(?P<group15>%TIMER_TYPE%)\\s*order\\s*chinese\\s*in\\s*(?P<group2>%SNIPSDURATION%)\\s*$",
      "^\\s*(?P<group15>%TIMER_TYPE%)\\s*order\\s*pizza\\s*in\\s*(?P<group2>%SNIPSDURATION%)\\s*$",
      "^\\s*(?P<group15>%TIMER_TYPE%)\\s*have\\s*lunch\\s*in\\s*(?P<group2>%SNIPSDURATION%)\\s*$",
      "^\\s*(?P<group15>%TIMER_TYPE%)\\s*lock\\s*back\\s*door\\s*in\\s*(?P<group2>%SNIPSDURATION%)\\s*$",
      "^\\s*(?P<group15>%TIMER_TYPE%)\\s*clean\\s*balcony\\s*in\\s*(?P<group2>%SNIPSDURATION%)\\s*$",
      "^\\s*(?P<group15>%TIMER_TYPE%)\\s*sort\\s*trash\\s*in\\s*(?P<group2>%SNIPSDURATION%)\\s*$",
      "^\\s*(?P<group15>%TIMER_TYPE%)\\s*return\\s*library\\s*books\\s*at\\s*(?P<group13>%SNIPSDATETIME%)\\s*$",
      "^\\s*(?P<group15>%TIMER_TYPE%)\\s*call\\s*father\\s*in\\s*(?P<group2>%SNIPSDURATION%)\\s*$",
      "^\\s*set\\s*(?P<group15>%TIMER_TYPE%)\\s*water\\s*plants\\s*at\\s*(?P<group13>%SNIPSDATETIME%)\\s*$",
      "^\\s*(?P<group15>%TIMER_TYPE%)\\s*go\\s*restaurant\\s*at\\s*(?P<group13>%SNIPSDATETIME%)\\s*$",
      "^\\s*(?P<group15>%TIMER_TYPE%)\\s*send\\s*birthday\\s*card\\s*(?P<group13>%SNIPSDATETIME%)\\s*$",
      "^\\s*(?P<group15>%TIMER_TYPE%)\\s*go\\s*doctor\\s*at\\s*(?P<group13>%SNIPSDATETIME%)\\s*$",
      "^\\s*(?P<group15>%TIMER_TYPE%)\\s*visit\\s*park\\s*in\\s*(?P<group2>%SNIPSDURATION%)\\s*$",
      "^\\s*(?P<group15>%TIMER_TYPE%)\\s*watch\\s*movie\\s*at\\s*(?P<group13>%SNIPSDATETIME%)\\s*$",
      "^\\s*(?P<group15>%TIMER_TYPE%)\\s*eat\\s*left\\s*overs\\s*at\\s*(?P<group13>%SNIPSDATETIME%)\\s*$",
      "^\\s*(?P<group15>%TIMER_TYPE%)\\s*read\\s*book\\s*at\\s*(?P<group13>%SNIPSDATETIME%)\\s*$",
      "^\\s*(?P<group15>%TIMER_TYPE%)\\s*eat\\s*bananas\\s*in\\s*(?P<group2>%SNIPSDURATION%)\\s*$",
      "^\\s*(?P<group15>%TIMER_TYPE%)\\s*go\\s*super\\s*market\\s*at\\s*(?P<group13>%SNIPSDATETIME%)\\s*$",
      "^\\s*(?P<group15>%TIMER_TYPE%)\\s*go\\s*post\\s*office\\s*in\\s*(?P<group2>%SNIPSDURATION%)\\s*$",
      "^\\s*set\\s*(?P<group15>%TIMER_TYPE%)\\s*have\\s*beer\\s*with\\s*john\\s*at\\s*(?P<group13>%SNIPSDATETIME%)\\s*$",
      "^\\s*(?P<group15>%TIMER_TYPE%)\\s*go\\s*hawaii\\s*in\\s*(?P<group2>%SNIPSDURATION%)\\s*$",
      "^\\s*(?P<group15>%TIMER_TYPE%)\\s*check\\s*on\\s*gas\\s*in\\s*(?P<group2>%SNIPSDURATION%)\\s*$",
      "^\\s*(?P<group15>%TIMER_TYPE%)\\s*pick\\s*up\\s*dry\\s*cleaning\\s*in\\s*(?P<group2>%SNIPSDURATION%)\\s*$",
      "^\\s*(?P<group15>%TIMER_TYPE%)\\s*send\\s*christian\\s*birthday\\s*card\\s*(?P<group13>%SNIPSDATETIME%)\\s*$",
      "^\\s*(?P<group15>%TIMER_TYPE%)\\s*buy\\s*tickets\\s*for\\s*louvre\\s*in\\s*(?P<group2>%SNIPSDURATION%)\\s*$",
      "^\\s*(?P<group15>%TIMER_TYPE%)\\s*go\\s*grocery\\s*shopping\\s*in\\s*(?P<group2>%SNIPSDURATION%)\\s*$",
      "^\\s*(?P<group15>%TIMER_TYPE%)\\s*put\\s*on\\s*make\\s*up\\s*in\\s*(?P<group2>%SNIPSDURATION%)\\s*or\\s*$",
      "^\\s*(?P<group15>%TIMER_TYPE%)\\s*pack\\s*tennis\\s*shoes\\s*at\\s*(?P<group13>%SNIPSDATETIME%)\\s*$",
      "^\\s*(?P<group15>%TIMER_TYPE%)\\s*go\\s*vet\\s*at\\s*(?P<group13>%SNIPSDATETIME%)\\s*$",
      "^\\s*(?P<group15>%TIMER_TYPE%)\\s*take\\s*up\\s*dancing\\s*classes\\s*at\\s*(?P<group13>%SNIPSDATETIME%)\\s*$",
      "^\\s*(?P<group15>%TIMER_TYPE%)\\s*go\\s*drink\\s*tea\\s*with\\s*hilda\\s*at\\s*(?P<group13>%SNIPSDATETIME%)\\s*$",
      "^\\s*(?P<group15>%TIMER_TYPE%)\\s*go\\s*museum\\s*at\\s*(?P<group13>%SNIPSDATETIME%)\\s*$",
      "^\\s*at\\s*(?P<group13>%SNIPSDATETIME%)\\s*(?P<group15>%TIMER_TYPE%)\\s*feed\\s*dog\\s*$",
      "^\\s*in\\s*(?P<group2>%SNIPSDURATION%)\\s*(?P<group15>%TIMER_TYPE%)\\s*feed\\s*cat\\s*$",
      "^\\s*in\\s*(?P<group2>%SNIPSDURATION%)\\s*(?P<group15>%TIMER_TYPE%)\\s*play\\s*funky\\s*music\\s*$",
      "^\\s*(?P<group15>%TIMER_TYPE%)\\s*make\\s*donation\\s*in\\s*(?P<group2>%SNIPSDURATION%)\\s*$",
      "^\\s*(?P<group15>%TIMER_TYPE%)\\s*play\\s*boardgame\\s*(?P<group13>%SNIPSDATETIME%)\\s*$",
      "^\\s*(?P<group15>%TIMER_TYPE%)\\s*vacuum\\s*house\\s*in\\s*(?P<group2>%SNIPSDURATION%)\\s*$",
      "^\\s*set\\s*(?P<group15>%TIMER_TYPE%)\\s*make\\s*dentist\\s*appointment\\s*in\\s*(?P<group2>%SNIPSDURATION%)\\s*from\\s*now\\s*$",
      "^\\s*(?P<group15>%TIMER_TYPE%)\\s*book\\s*flight\\s*amsterdam\\s*in\\s*(?P<group2>%SNIPSDURATION%)\\s*$",
      "^\\s*(?P<group15>%TIMER_TYPE%)\\s*go\\s*shopping\\s*for\\s*shoes\\s*in\\s*(?P<group2>%SNIPSDURATION%)\\s*$",
      "^\\s*set\\s*(?P<group15>%TIMER_TYPE%)\\s*go\\s*movies\\s*in\\s*(?P<group2>%SNIPSDURATION%)\\s*$",
      "^\\s*(?P<group15>%TIMER_TYPE%)\\s*buy\\s*salmon\\s*in\\s*(?P<group2>%SNIPSDURATION%)\\s*$",
      "^\\s*set\\s*(?P<group15>%TIMER_TYPE%)\\s*clean\\s*kitchen\\s*in\\s*(?P<group2>%SNIPSDURATION%)\\s*$",
      "^\\s*set\\s*(?P<group15>%TIMER_TYPE%)\\s*go\\s*fishing\\s*in\\s*(?P<group2>%SNIPSDURATION%)\\s*$",
      "^\\s*(?P<group15>%TIMER_TYPE%)\\s*go\\s*out\\s*in\\s*(?P<group2>%SNIPSDURATION%)\\s*$",
      "^\\s*(?P<group15>%TIMER_TYPE%)\\s*go\\s*dancing\\s*in\\s*(?P<group2>%SNIPSDURATION%)\\s*$",
      "^\\s*(?P<group15>%TIMER_TYPE%)\\s*clear\\s*table\\s*in\\s*(?P<group2>%SNIPSDURATION%)\\s*$",
      "^\\s*(?P<group15>%TIMER_TYPE%)\\s*wash\\s*car\\s*in\\s*(?P<group2>%SNIPSDURATION%)\\s*$",
      "^\\s*(?P<group15>%TIMER_TYPE%)\\s*grab\\s*chair\\s*at\\s*(?P<group13>%SNIPSDATETIME%)\\s*$",
      "^\\s*(?P<group15>%TIMER_TYPE%)\\s*get\\s*on\\s*boat\\s*at\\s*(?P<group13>%SNIPSDATETIME%)\\s*$",
      "^\\s*(?P<group15>%TIMER_TYPE%)\\s*call\\s*grandma\\s*at\\s*(?P<group13>%SNIPSDATETIME%)\\s*$",
      "^\\s*(?P<group15>%TIMER_TYPE%)\\s*take\\s*out\\s*trash\\s*at\\s*(?P<group13>%SNIPSDATETIME%)\\s*$",
      "^\\s*(?P<group15>%TIMER_TYPE%)\\s*unlock\\s*door\\s*at\\s*(?P<group13>%SNIPSDATETIME%)\\s*$",
      "^\\s*(?P<group15>%TIMER_TYPE%)\\s*walk\\s*dog\\s*(?P<group13>%SNIPSDATETIME%)\\s*$",
      "^\\s*in\\s*(?P<group2>%SNIPSDURATION%)\\s*(?P<group15>%TIMER_TYPE%)\\s*go\\s*outside\\s*$",
      "^\\s*at\\s*(?P<group13>%SNIPSDATETIME%)\\s*(?P<group15>%TIMER_TYPE%)\\s*call\\s*mother\\s*$",
      "^\\s*(?P<group15>%TIMER_TYPE%)\\s*clean\\s*kitchen\\s*in\\s*(?P<group2>%SNIPSDURATION%)\\s*$",
      "^\\s*(?P<group15>%TIMER_TYPE%)\\s*make\\s*dentist\\s*appointment\\s*(?P<group13>%SNIPSDATETIME%)\\s*$",
      "^\\s*(?P<group15>%TIMER_TYPE%)\\s*wake\\s*up\\s*kids\\s*in\\s*(?P<group2>%SNIPSDURATION%)\\s*$",
      "^\\s*(?P<group15>%TIMER_TYPE%)\\s*wash\\s*car\\s*at\\s*(?P<group13>%SNIPSDATETIME%)\\s*$",
      "^\\s*(?P<group15>%TIMER_TYPE%)\\s*do\\s*dishes\\s*at\\s*(?P<group13>%SNIPSDATETIME%)\\s*$",
      "^\\s*(?P<group15>%TIMER_TYPE%)\\s*up\\s*at\\s*(?P<group13>%SNIPSDATETIME%)\\s*$",
      "^\\s*set\\s*(?P<group15>%TIMER_TYPE%)\\s*for\\s*(?P<group13>%SNIPSDATETIME%)\\s*$",
      "^\\s*set\\s*(?P<group15>%TIMER_TYPE%)\\s*for\\s*(?P<group13>%SNIPSDATETIME%)\\s*(?P<group13_2>%SNIPSDATETIME%)\\s*$",
      "^\\s*set\\s*(?P<group15>%TIMER_TYPE%)\\s*(?P<group13>%SNIPSDATETIME%)\\s*$",
      "^\\s*(?P<group15>%TIMER_TYPE%)\\s*in\\s*(?P<group13>%SNIPSDATETIME%)\\s*$",
      "^\\s*(?P<group15>%TIMER_TYPE%)\\s*at\\s*(?P<group13>%SNIPSDATETIME%)\\s*$",
      "^\\s*set\\s*(?P<group15>%TIMER_TYPE%)\\s*up\\s*alarm\\s*for\\s*(?P<group13>%SNIPSDATETIME%)\\s*$",
      "^\\s*create\\s*(?P<group15>%TIMER_TYPE%)\\s*(?P<group13>%SNIPSDATETIME%)\\s*$",
      "^\\s*create\\s*(?P<group15>%TIMER_TYPE%)\\s*for\\s*(?P<group13>%SNIPSDATETIME%)\\s*$",
      "^\\s*set\\s*(?P<group15>%TIMER_TYPE%)\\s*for\\s*(?P<group2>%SNIPSDURATION%)\\s*from\\s*now\\s*$",
      "^\\s*(?P<group15>%TIMER_TYPE%)\\s*up\\s*in\\s*(?P<group2>%SNIPSDURATION%)\\s*$",
      "^\\s*set\\s*alarm\\s*(?P<group15>%TIMER_TYPE%)\\s*up\\s*in\\s*(?P<group2>%SNIPSDURATION%)\\s*$",
      "^\\s*initiate\\s*(?P<group15>%TIMER_TYPE%)\\s*for\\s*(?P<group2>%SNIPSDURATION%)\\s*$",
      "^\\s*set\\s*(?P<group15>%TIMER_TYPE%)\\s*for\\s*(?P<group2>%SNIPSDURATION%)\\s*$",
      "^\\s*set\\s*(?P<group15>%TIMER_TYPE%)\\s*for\\s*(?P<group2>%SNIPSDURATION%)\\s*starting\\s*now\\s*$",
      "^\\s*beep\\s*in\\s*(?P<group2>%SNIPSDURATION%)\\s*$",
      "^\\s*(?P<group15>%TIMER_TYPE%)\\s*clean\\s*up\\s*in\\s*(?P<group2>%SNIPSDURATION%)\\s*$",
      "^\\s*set\\s*cooking\\s*(?P<group15>%TIMER_TYPE%)\\s*for\\s*(?P<group2>%SNIPSDURATION%)\\s*$",
      "^\\s*let\\s*(?P<group15>%TIMER_TYPE%)\\s*go\\s*off\\s*in\\s*(?P<group2>%SNIPSDURATION%)\\s*$",
      "^\\s*make\\s*(?P<group15>%TIMER_TYPE%)\\s*for\\s*(?P<group2>%SNIPSDURATION%)\\s*from\\s*now\\s*$",
      "^\\s*commence\\s*with\\s*(?P<group15>%TIMER_TYPE%)\\s*for\\s*(?P<group2>%SNIPSDURATION%)\\s*$",
      "^\\s*start\\s*(?P<group15>%TIMER_TYPE%)\\s*of\\s*(?P<group2>%SNIPSDURATION%)\\s*$",
      "^\\s*start\\s*(?P<group15>%TIMER_TYPE%)\\s*for\\s*(?P<group2>%SNIPSDURATION%)\\s*starting\\s*now\\s*$",
      "^\\s*set\\s*(?P<group15>%TIMER_TYPE%)\\s*with\\s*duration\\s*of\\s*(?P<group2>%SNIPSDURATION%)\\s*$",
      "^\\s*generate\\s*(?P<group15>%TIMER_TYPE%)\\s*for\\s*(?P<group2>%SNIPSDURATION%)\\s*$",
      "^\\s*make\\s*(?P<group15>%TIMER_TYPE%)\\s*for\\s*(?P<group2>%SNIPSDURATION%)\\s*$",
      "^\\s*make\\s*create\\s*(?P<group15>%TIMER_TYPE%)\\s*for\\s*(?P<group2>%SNIPSDURATION%)\\s*$",
      "^\\s*create\\s*(?P<group15>%TIMER_TYPE%)\\s*for\\s*(?P<group2>%SNIPSDURATION%)\\s*$",
      "^\\s*start\\s*(?P<group15>%TIMER_TYPE%)\\s*for\\s*(?P<group2>%SNIPSDURATION%)\\s*$"
    ],
    "createcandle:set_value": [
      "^\\s*set\\s*(?P<group12>%THING%)\\s*(?P<group11>%STRING%)\\s*$",
      "^\\s*change\\s*(?P<group8>%PROPERTY%)\\s*of\\s*(?P<group12>%THING%)\\s*(?P<group11>%STRING%)\\s*$",
      "^\\s*set\\s*(?P<group8>%PROPERTY%)\\s*of\\s*(?P<group12>%THING%)\\s*(?P<group11>%STRING%)\\s*(?P<group6>%PERIOD%)\\s*(?P<group2>%SNIPSDURATION%)\\s*$",
      "^\\s*set\\s*(?P<group12>%THING%)\\s*(?P<group5>%SNIPSPERCENTAGE%)\\s*(?P<group6>%PERIOD%)\\s*(?P<group2>%SNIPSDURATION%)\\s*$",
      "^\\s*change\\s*(?P<group12>%THING%)\\s*(?P<group11>%STRING%)\\s*(?P<group13>%SNIPSDATETIME%)\\s*$",
      "^\\s*chang\\s*(?P<group12>%THING%)\\s*(?P<group11>%STRING%)\\s*$",
      "^\\s*set\\s*(?P<group8>%PROPERTY%)\\s*of\\s*(?P<group12>%THING%)\\s*(?P<group11>%STRING%)\\s*$",
      "^\\s*set\\s*(?P<group8>%PROPERTY%)\\s*of\\s*(?P<group12>%THING%)\\s*(?P<group5>%SNIPSPERCENTAGE%)\\s*(?P<group13>%SNIPSDATETIME%)\\s*$",
      "^\\s*set\\s*(?P<group8>%PROPERTY%)\\s*of\\s*(?P<group12>%THING%)\\s*(?P<group1>%COLOR%)\\s*(?P<group13>%SNIPSDATETIME%)\\s*$",
      "^\\s*at\\s*(?P<group13>%SNIPSDATETIME%)\\s*set\\s*(?P<group8>%PROPERTY%)\\s*of\\s*(?P<group12>%THING%)\\s*(?P<group5>%SNIPSPERCENTAGE%)\\s*$",
      "^\\s*change\\s*(?P<group8>%PROPERTY%)\\s*of\\s*(?P<group12>%THING%)\\s*(?P<group1>%COLOR%)\\s*(?P<group6>%PERIOD%)\\s*(?P<group2>%SNIPSDURATION%)\\s*$",
      "^\\s*(?P<group6>%PERIOD%)\\s*(?P<group2>%SNIPSDURATION%)\\s*set\\s*(?P<group8>%PROPERTY%)\\s*level\\s*of\\s*(?P<group12>%THING%)\\s*(?P<group3>%SNIPSNUMBER%)\\s*$",
      "^\\s*at\\s*(?P<group13>%SNIPSDATETIME%)\\s*change\\s*level\\s*of\\s*(?P<group12>%THING%)\\s*(?P<group3>%SNIPSNUMBER%)\\s*$",
      "^\\s*(?P<group6>%PERIOD%)\\s*(?P<group2>%SNIPSDURATION%)\\s*change\\s*(?P<group8>%PROPERTY%)\\s*of\\s*(?P<group12>%THING%)\\s*(?P<group5>%SNIPSPERCENTAGE%)\\s*$",
      "^\\s*change\\s*(?P<group8>%PROPERTY%)\\s*of\\s*(?P<group12>%THING%)\\s*(?P<group5>%SNIPSPERCENTAGE%)\\s*(?P<group6>%PERIOD%)\\s*(?P<group2>%SNIPSDURATION%)\\s*$",
      "^\\s*set\\s*(?P<group8>%PROPERTY%)\\s*of\\s*(?P<group12>%THING%)\\s*(?P<group5>%SNIPSPERCENTAGE%)\\s*(?P<group6>%PERIOD%)\\s*(?P<group13>%SNIPSDATETIME%)\\s*$",
      "^\\s*set\\s*(?P<group8>%PROPERTY%)\\s*of\\s*(?P<group12>%THING%)\\s*(?P<group1>%COLOR%)\\s*(?P<group6>%PERIOD%)\\s*(?P<group2>%SNIPSDURATION%)\\s*$",
      "^\\s*during\\s*(?P<group13>%SNIPSDATETIME%)\\s*set\\s*(?P<group12>%THING%)\\s*(?P<group5>%SNIPSPERCENTAGE%)\\s*$",
      "^\\s*set\\s*(?P<group8>%PROPERTY%)\\s*of\\s*(?P<group12>%THING%)\\s*(?P<group3>%SNIPSNUMBER%)\\s*(?P<group6>%PERIOD%)\\s*(?P<group2>%SNIPSDURATION%)\\s*$",
      "^\\s*set\\s*(?P<group8>%PROPERTY%)\\s*of\\s*(?P<group12>%THING%)\\s*(?P<group3>%SNIPSNUMBER%)\\s*watt\\s*hours\\s*$",
      "^\\s*set\\s*(?P<group8>%PROPERTY%)\\s*of\\s*(?P<group12>%THING%)\\s*(?P<group3>%SNIPSNUMBER%)\\s*watt\\s*$",
      "^\\s*(?P<group7>%PLEASANTRIES%)\\s*set\\s*(?P<group12>%THING%)\\s*(?P<group3>%SNIPSNUMBER%)\\s*(?P<group13>%SNIPSDATETIME%)\\s*$",
      "^\\s*(?P<group13>%SNIPSDATETIME%)\\s*set\\s*(?P<group12>%THING%)\\s*(?P<group3>%SNIPSNUMBER%)\\s*$",
      "^\\s*set\\s*(?P<group12>%THING%)\\s*(?P<group3>%SNIPSNUMBER%)\\s*$",
      "^\\s*set\\s*(?P<group12>%THING%)\\s*level\\s*(?P<group3>%SNIPSNUMBER%)\\s*$",
      "^\\s*between\\s*(?P<group13>%SNIPSDATETIME%)\\s*set\\s*(?P<group8>%PROPERTY%)\\s*of\\s*(?P<group12>%THING%)\\s*(?P<group1>%COLOR%)\\s*$",
      "^\\s*set\\s*(?P<group8>%PROPERTY%)\\s*of\\s*(?P<group12>%THING%)\\s*(?P<group5>%SNIPSPERCENTAGE%)\\s*between\\s*(?P<group13>%SNIPSDATETIME%)\\s*$",
      "^\\s*(?P<group6>%PERIOD%)\\s*(?P<group13>%SNIPSDATETIME%)\\s*set\\s*(?P<group8>%PROPERTY%)\\s*of\\s*(?P<group12>%THING%)\\s*(?P<group3>%SNIPSNUMBER%)\\s*$",
      "^\\s*turn\\s*(?P<group8>%PROPERTY%)\\s*of\\s*(?P<group12>%THING%)\\s*(?P<group1>%COLOR%)\\s*(?P<group6>%PERIOD%)\\s*(?P<group2>%SNIPSDURATION%)\\s*$",
      "^\\s*(?P<group6>%PERIOD%)\\s*(?P<group2>%SNIPSDURATION%)\\s*set\\s*(?P<group8>%PROPERTY%)\\s*of\\s*(?P<group12>%THING%)\\s*(?P<group3>%SNIPSNUMBER%)\\s*$",
      "^\\s*at\\s*(?P<group13>%SNIPSDATETIME%)\\s*set\\s*(?P<group12>%THING%)\\s*(?P<group8>%PROPERTY%)\\s*of\\s*(?P<group3>%SNIPSNUMBER%)\\s*$",
      "^\\s*between\\s*(?P<group13>%SNIPSDATETIME%)\\s*set\\s*(?P<group8>%PROPERTY%)\\s*of\\s*(?P<group12>%THING%)\\s*(?P<group3>%SNIPSNUMBER%)\\s*$",
      "^\\s*set\\s*(?P<group8>%PROPERTY%)\\s*of\\s*(?P<group12>%THING%)\\s*(?P<group5>%SNIPSPERCENTAGE%)\\s*(?P<group7>%PLEASANTRIES%)\\s*$",
      "^\\s*(?P<group7>%PLEASANTRIES%)\\s*set\\s*(?P<group8>%PROPERTY%)\\s*of\\s*(?P<group12>%THING%)\\s*(?P<group5>%SNIPSPERCENTAGE%)\\s*at\\s*(?P<group13>%SNIPSDATETIME%)\\s*$",
      "^\\s*(?P<group7>%PLEASANTRIES%)\\s*set\\s*level\\s*of\\s*(?P<group12>%THING%)\\s*(?P<group5>%SNIPSPERCENTAGE%)\\s*at\\s*(?P<group13>%SNIPSDATETIME%)\\s*$",
      "^\\s*change\\s*(?P<group8>%PROPERTY%)\\s*level\\s*of\\s*(?P<group12>%THING%)\\s*(?P<group3>%SNIPSNUMBER%)\\s*at\\s*(?P<group13>%SNIPSDATETIME%)\\s*$",
      "^\\s*set\\s*(?P<group8>%PROPERTY%)\\s*of\\s*(?P<group12>%THING%)\\s*(?P<group3>%SNIPSNUMBER%)\\s*degrees\\s*at\\s*(?P<group13>%SNIPSDATETIME%)\\s*$",
      "^\\s*i\\s*would\\s*like\\s*make\\s*(?P<group8>%PROPERTY%)\\s*of\\s*(?P<group12>%THING%)\\s*(?P<group1>%COLOR%)\\s*(?P<group6>%PERIOD%)\\s*(?P<group2>%SNIPSDURATION%)\\s*$",
      "^\\s*at\\s*(?P<group13>%SNIPSDATETIME%)\\s*set\\s*(?P<group12>%THING%)\\s*(?P<group8>%PROPERTY%)\\s*(?P<group3>%SNIPSNUMBER%)\\s*$",
      "^\\s*set\\s*(?P<group12>%THING%)\\s*(?P<group8>%PROPERTY%)\\s*(?P<group3>%SNIPSNUMBER%)\\s*at\\s*(?P<group13>%SNIPSDATETIME%)\\s*$",
      "^\\s*set\\s*(?P<group12>%THING%)\\s*(?P<group8>%PROPERTY%)\\s*level\\s*(?P<group5>%SNIPSPERCENTAGE%)\\s*(?P<group6>%PERIOD%)\\s*(?P<group2>%SNIPSDURATION%)\\s*$",
      "^\\s*shift\\s*(?P<group8>%PROPERTY%)\\s*of\\s*(?P<group12>%THING%)\\s*(?P<group1>%COLOR%)\\s*(?P<group6>%PERIOD%)\\s*(?P<group2>%SNIPSDURATION%)\\s*$",
      "^\\s*set\\s*(?P<group8>%PROPERTY%)\\s*of\\s*(?P<group12>%THING%)\\s*(?P<group5>%SNIPSPERCENTAGE%)\\s*at\\s*(?P<group13>%SNIPSDATETIME%)\\s*$",
      "^\\s*make\\s*(?P<group12>%THING%)\\s*turn\\s*(?P<group1>%COLOR%)\\s*at\\s*(?P<group13>%SNIPSDATETIME%)\\s*$",
      "^\\s*turn\\s*(?P<group12>%THING%)\\s*(?P<group1>%COLOR%)\\s*(?P<group6>%PERIOD%)\\s*(?P<group2>%SNIPSDURATION%)\\s*$",
      "^\\s*could\\s*(?P<group7>%PLEASANTRIES%)\\s*turn\\s*(?P<group12>%THING%)\\s*(?P<group1>%COLOR%)\\s*$",
      "^\\s*i\\s*would\\s*like\\s*set\\s*(?P<group8>%PROPERTY%)\\s*of\\s*(?P<group12>%THING%)\\s*(?P<group1>%COLOR%)\\s*$",
      "^\\s*set\\s*(?P<group8>%PROPERTY%)\\s*of\\s*(?P<group12>%THING%)\\s*be\\s*(?P<group1>%COLOR%)\\s*$",
      "^\\s*set\\s*(?P<group8>%PROPERTY%)\\s*of\\s*(?P<group12>%THING%)\\s*(?P<group1>%COLOR%)\\s*$",
      "^\\s*turn\\s*(?P<group12>%THING%)\\s*(?P<group1>%COLOR%)\\s*$",
      "^\\s*set\\s*(?P<group12>%THING%)\\s*(?P<group1>%COLOR%)\\s*$",
      "^\\s*change\\s*(?P<group8>%PROPERTY%)\\s*of\\s*(?P<group12>%THING%)\\s*(?P<group1>%COLOR%)\\s*$",
      "^\\s*change\\s*(?P<group12>%THING%)\\s*(?P<group8>%PROPERTY%)\\s*(?P<group3>%SNIPSNUMBER%)\\s*$",
      "^\\s*set\\s*(?P<group12>%THING%)\\s*(?P<group8>%PROPERTY%)\\s*level\\s*(?P<group5>%SNIPSPERCENTAGE%)\\s*$",
      "^\\s*make\\s*(?P<group8>%PROPERTY%)\\s*of\\s*(?P<group12>%THING%)\\s*(?P<group3>%SNIPSNUMBER%)\\s*$",
      "^\\s*shift\\s*(?P<group8>%PROPERTY%)\\s*of\\s*(?P<group12>%THING%)\\s*(?P<group5>%SNIPSPERCENTAGE%)\\s*$",
      "^\\s*change\\s*(?P<group8>%PROPERTY%)\\s*of\\s*(?P<group12>%THING%)\\s*(?P<group3>%SNIPSNUMBER%)\\s*$",
      "^\\s*change\\s*(?P<group8>%PROPERTY%)\\s*target\\s*level\\s*of\\s*(?P<group12>%THING%)\\s*(?P<group5>%SNIPSPERCENTAGE%)\\s*$",
      "^\\s*(?P<group7>%PLEASANTRIES%)\\s*set\\s*(?P<group8>%PROPERTY%)\\s*level\\s*of\\s*(?P<group12>%THING%)\\s*(?P<group3>%SNIPSNUMBER%)\\s*$",
      "^\\s*(?P<group7>%PLEASANTRIES%)\\s*make\\s*(?P<group8>%PROPERTY%)\\s*level\\s*of\\s*(?P<group12>%THING%)\\s*(?P<group3>%SNIPSNUMBER%)\\s*$",
      "^\\s*please\\s*set\\s*(?P<group8>%PROPERTY%)\\s*level\\s*of\\s*(?P<group12>%THING%)\\s*(?P<group3>%SNIPSNUMBER%)\\s*$",
      "^\\s*set\\s*(?P<group8>%PROPERTY%)\\s*level\\s*of\\s*(?P<group12>%THING%)\\s*(?P<group3>%SNIPSNUMBER%)\\s*$",
      "^\\s*set\\s*(?P<group12>%THING%)\\s*(?P<group8>%PROPERTY%)\\s*(?P<group3>%SNIPSNUMBER%)\\s*$",
      "^\\s*change\\s*(?P<group8>%PROPERTY%)\\s*of\\s*(?P<group12>%THING%)\\s*(?P<group3>%SNIPSNUMBER%)\\s*degrees\\s*celsius\\s*$",
      "^\\s*set\\s*(?P<group8>%PROPERTY%)\\s*of\\s*(?P<group12>%THING%)\\s*(?P<group3>%SNIPSNUMBER%)\\s*$",
      "^\\s*set\\s*(?P<group8>%PROPERTY%)\\s*of\\s*(?P<group12>%THING%)\\s*(?P<group5>%SNIPSPERCENTAGE%)\\s*$",
      "^\\s*change\\s*(?P<group8>%PROPERTY%)\\s*of\\s*(?P<group12>%THING%)\\s*(?P<group5>%SNIPSPERCENTAGE%)\\s*$",
      "^\\s*change\\s*level\\s*of\\s*(?P<group12>%THING%)\\s*(?P<group5>%SNIPSPERCENTAGE%)\\s*$",
      "^\\s*set\\s*level\\s*of\\s*(?P<group8>%PROPERTY%)\\s*sensor\\s*of\\s*(?P<group12>%THING%)\\s*fifteen\\s*$",
      "^\\s*set\\s*(?P<group12>%THING%)\\s*(?P<group5>%SNIPSPERCENTAGE%)\\s*$",
      "^\\s*set\\s*(?P<group12>%THING%)\\s*(?P<group8>%PROPERTY%)\\s*(?P<group5>%SNIPSPERCENTAGE%)\\s*$",
      "^\\s*move\\s*(?P<group8>%PROPERTY%)\\s*level\\s*of\\s*(?P<group12>%THING%)\\s*(?P<group3>%SNIPSNUMBER%)\\s*degrees\\s*$",
      "^\\s*set\\s*(?P<group8>%PROPERTY%)\\s*of\\s*(?P<group12>%THING%)\\s*(?P<group3>%SNIPSNUMBER%)\\s*degrees\\s*$",
      "^\\s*set\\s*(?P<group8>%PROPERTY%)\\s*level\\s*for\\s*(?P<group8_2>%PROPERTY%)\\s*plant\\s*of\\s*(?P<group12>%THING%)\\s*(?P<group5>%SNIPSPERCENTAGE%)\\s*$"
    ],
    "createcandle:stop_timer": [
      "^\\s*cancel\\s*(?P<group14>%TIMER_LAST%)\\s*(?P<group15>%TIMER_TYPE%)\\s*$",
      "^\\s*disable\\s*(?P<group15>%TIMER_TYPE%)\\s*$",
      "^\\s*remove\\s*(?P<group15>%TIMER_TYPE%)\\s*$",
      "^\\s*cancel\\s*(?P<group15>%TIMER_TYPE%)\\s*$",
      "^\\s*set\\s*(?P<group15>%TIMER_TYPE%)\\s*back\\s*(?P<group3>%SNIPSNUMBER%)\\s*$",
      "^\\s*(?P<group14>%TIMER_LAST%)\\s*(?P<group15>%TIMER_TYPE%)\\s*$",
      "^\\s*abort\\s*(?P<group14>%TIMER_LAST%)\\s*(?P<group15>%TIMER_TYPE%)\\s*$",
      "^\\s*abort\\s*(?P<group15>%TIMER_TYPE%)\\s*$",
      "^\\s*remove\\s*(?P<group14>%TIMER_LAST%)\\s*(?P<group15>%TIMER_TYPE%)\\s*$",
      "^\\s*quit\\s*(?P<group14>%TIMER_LAST%)\\s*(?P<group15>%TIMER_TYPE%)\\s*$",
      "^\\s*quit\\s*(?P<group15>%TIMER_TYPE%)\\s*$",
      "^\\s*remove\\s*(?P<group14>%TIMER_LAST%)\\s*(?P<group15>%TIMER_TYPE%)\\s*i\\s*made\\s*$",
      "^\\s*set\\s*number\\s*of\\s*(?P<group15>%TIMER_TYPE%)\\s*back\\s*(?P<group3>%SNIPSNUMBER%)\\s*$",
      "^\\s*set\\s*(?P<group15>%TIMER_TYPE%)\\s*count\\s*(?P<group3>%SNIPSNUMBER%)\\s*$",
      "^\\s*(?P<group14>%TIMER_LAST%)\\s*(?P<group14_2>%TIMER_LAST%)\\s*(?P<group15>%TIMER_TYPE%)\\s*$",
      "^\\s*stop\\s*(?P<group15>%TIMER_TYPE%)\\s*from\\s*going\\s*off\\s*$",
      "^\\s*unset\\s*(?P<group14>%TIMER_LAST%)\\s*(?P<group15>%TIMER_TYPE%)\\s*$",
      "^\\s*could\\s*cancel\\s*(?P<group14>%TIMER_LAST%)\\s*(?P<group3>%SNIPSNUMBER%)\\s*(?P<group15>%TIMER_TYPE%)\\s*$",
      "^\\s*could\\s*remove\\s*(?P<group14>%TIMER_LAST%)\\s*(?P<group3>%SNIPSNUMBER%)\\s*(?P<group15>%TIMER_TYPE%)\\s*$",
      "^\\s*could\\s*cancel\\s*(?P<group14>%TIMER_LAST%)\\s*(?P<group15>%TIMER_TYPE%)\\s*$",
      "^\\s*delete\\s*(?P<group14>%TIMER_LAST%)\\s*(?P<group15>%TIMER_TYPE%)\\s*$",
      "^\\s*disable\\s*(?P<group14>%TIMER_LAST%)\\s*(?P<group3>%SNIPSNUMBER%)\\s*(?P<group15>%TIMER_TYPE%)\\s*up\\s*(?P<group15_2>%TIMER_TYPE%)\\s*$",
      "^\\s*stop\\s*(?P<group15>%TIMER_TYPE%)\\s*up\\s*(?P<group15_2>%TIMER_TYPE%)\\s*$",
      "^\\s*cancel\\s*(?P<group14>%TIMER_LAST%)\\s*(?P<group15>%TIMER_TYPE%)\\s*up\\s*(?P<group15_2>%TIMER_TYPE%)\\s*$",
      "^\\s*cancel\\s*(?P<group14>%TIMER_LAST%)\\s*(?P<group3>%SNIPSNUMBER%)\\s*(?P<group15>%TIMER_TYPE%)\\s*$",
      "^\\s*remove\\s*(?P<group14>%TIMER_LAST%)\\s*(?P<group3>%SNIPSNUMBER%)\\s*(?P<group15>%TIMER_TYPE%)\\s*$",
      "^\\s*stop\\s*(?P<group14>%TIMER_LAST%)\\s*(?P<group3>%SNIPSNUMBER%)\\s*(?P<group15>%TIMER_TYPE%)\\s*$",
      "^\\s*cancel\\s*(?P<group14>%TIMER_LAST%)\\s*(?P<group3>%SNIPSNUMBER%)\\s*of\\s*(?P<group15>%TIMER_TYPE%)\\s*$",
      "^\\s*delete\\s*(?P<group14>%TIMER_LAST%)\\s*(?P<group3>%SNIPSNUMBER%)\\s*(?P<group15>%TIMER_TYPE%)\\s*$",
      "^\\s*could\\s*stop\\s*(?P<group14>%TIMER_LAST%)\\s*(?P<group3>%SNIPSNUMBER%)\\s*(?P<group15>%TIMER_TYPE%)\\s*$",
      "^\\s*stop\\s*(?P<group15>%TIMER_TYPE%)\\s*$",
      "^\\s*houston\\s*stop\\s*(?P<group15>%TIMER_TYPE%)\\s*$",
      "^\\s*i\\s*would\\s*like\\s*stop\\s*(?P<group15>%TIMER_TYPE%)\\s*$",
      "^\\s*turn\\s*off\\s*(?P<group15>%TIMER_TYPE%)\\s*$",
      "^\\s*could\\s*stop\\s*(?P<group14>%TIMER_LAST%)\\s*(?P<group15>%TIMER_TYPE%)\\s*$",
      "^\\s*disable\\s*(?P<group14>%TIMER_LAST%)\\s*(?P<group15>%TIMER_TYPE%)\\s*$",
      "^\\s*stop\\s*(?P<group14>%TIMER_LAST%)\\s*(?P<group15>%TIMER_TYPE%)\\s*$",
      "^\\s*stop\\s*current\\s*(?P<group15>%TIMER_TYPE%)\\s*$"
    ]
  },
  "slot_names_to_entities": {
    "createcandle:get_boolean": {
      "boolean": "boolean",
      "property": "Property",
      "thing": "Thing"
    },
    "createcandle:get_time": {},
    "createcandle:get_timer_count": {
      "timer_type": "timer_type"
    },
    "createcandle:get_value": {
      "ordinal": "snips/ordinal",
      "property": "Property",
      "thing": "Thing"
    },
    "createcandle:list_timers": {
      "pleasantries": "pleasantries",
      "timer_last": "timer_last",
      "timer_type": "timer_type"
    },
    "createcandle:set_state": {
      "boolean": "boolean",
      "duration": "snips/duration",
      "number": "snips/number",
      "period": "period",
      "pleasantries": "pleasantries",
      "property": "Property",
      "space": "space",
      "special_time": "special_time",
      "thing": "Thing",
      "time": "snips/datetime"
    },
    "createcandle:set_timer": {
      "duration": "snips/duration",
      "time": "snips/datetime",
      "timer_type": "timer_type"
    },
    "createcandle:set_value": {
      "color": "color",
      "duration": "snips/duration",
      "number": "snips/number",
      "percentage": "snips/percentage",
      "period": "period",
      "pleasantries": "pleasantries",
      "property": "Property",
      "string": "string",
      "thing": "Thing",
      "time": "snips/datetime"
    },
    "createcandle:stop_timer": {
      "number": "snips/number",
      "timer_last": "timer_last",
      "timer_type": "timer_type"
    }
  },
  "stop_words_whitelist": {
    "createcandle:list_timers": [
      "can",
      "please"
    ],
    "createcandle:set_state": [
      "can",
      "now",
      "please"
    ],
    "createcandle:set_timer": [
      "now"
    ],
    "createcandle:set_value": [
      "can",
      "now",
      "please"
    ]
  }
}