{
    "snips/duration": {
        "vanilla": "7dc2e249-9725-4acd-9a56-8c96b51c9171.vanilla", 
        "ngram": false, 
        "added": "7dc2e249-9725-4acd-9a56-8c96b51c9171.added", 
        "pruningThresholds": [], 
        "order": 0
    }, 
    "snips/ordinal": {
        "vanilla": "b5eb3964-faee-423f-933f-28304af46b8e.vanilla", 
        "ngram": false, 
        "added": "b5eb3964-faee-423f-933f-28304af46b8e.added", 
        "pruningThresholds": [], 
        "order": 0
    }, 
    "string": {
        "vanilla": "ed779d7a-4557-4317-be44-7e7c301a1e62.vanilla", 
        "ngram": true, 
        "added": "ed779d7a-4557-4317-be44-7e7c301a1e62.added", 
        "pruningThresholds": [], 
        "order": 3
    }, 
    "space": {
        "vanilla": "bfcc290b-5f9e-4d35-8fa7-1cd3f77adba4.vanilla", 
        "ngram": true, 
        "added": "bfcc290b-5f9e-4d35-8fa7-1cd3f77adba4.added", 
        "pruningThresholds": [], 
        "order": 3
    }, 
    "color": {
        "vanilla": "260e0dab-131a-4258-bb7d-ce4071f93b65.vanilla", 
        "ngram": true, 
        "added": "260e0dab-131a-4258-bb7d-ce4071f93b65.added", 
        "pruningThresholds": [], 
        "order": 3
    }, 
    "pleasantries": {
        "vanilla": "f15b2508-2536-4769-950e-6bfc04a3cb81.vanilla", 
        "ngram": true, 
        "added": "f15b2508-2536-4769-950e-6bfc04a3cb81.added", 
        "pruningThresholds": [], 
        "order": 3
    }, 
    "period": {
        "vanilla": "7f2cf25a-b461-40f4-939a-b68a5b2aa4e4.vanilla", 
        "ngram": true, 
        "added": "7f2cf25a-b461-40f4-939a-b68a5b2aa4e4.added", 
        "pruningThresholds": [], 
        "order": 3
    }, 
    "snips/number": {
        "vanilla": "3edb1e1f-35c0-48c4-b453-9067bfd80062.vanilla", 
        "ngram": false, 
        "added": "3edb1e1f-35c0-48c4-b453-9067bfd80062.added", 
        "pruningThresholds": [], 
        "order": 0
    }, 
    "timer_last": {
        "vanilla": "110c8627-9a89-421b-adfe-4cfc732f4d2b.vanilla", 
        "ngram": true, 
        "added": "110c8627-9a89-421b-adfe-4cfc732f4d2b.added", 
        "pruningThresholds": [], 
        "order": 3
    }, 
    "Thing": {
        "vanilla": "62b8ea85-5c46-40d7-bd56-289cc333320b.vanilla", 
        "ngram": true, 
        "added": "62b8ea85-5c46-40d7-bd56-289cc333320b.added", 
        "pruningThresholds": [], 
        "order": 3
    }, 
    "snips/percentage": {
        "vanilla": "f3184304-8efa-4c6e-99c4-488b70c792dc.vanilla", 
        "ngram": false, 
        "added": "f3184304-8efa-4c6e-99c4-488b70c792dc.added", 
        "pruningThresholds": [], 
        "order": 0
    }, 
    "special_time": {
        "vanilla": "eea5141a-df6f-4d0d-8082-17475610239a.vanilla", 
        "ngram": true, 
        "added": "eea5141a-df6f-4d0d-8082-17475610239a.added", 
        "pruningThresholds": [], 
        "order": 3
    }, 
    "timer_type": {
        "vanilla": "fb4a163d-0386-4d3b-814a-c9826b7598ce.vanilla", 
        "ngram": true, 
        "added": "fb4a163d-0386-4d3b-814a-c9826b7598ce.added", 
        "pruningThresholds": [], 
        "order": 3
    }, 
    "boolean": {
        "vanilla": "c1c8a58e-f279-4633-a5a8-d1bbf3e2bb05.vanilla", 
        "ngram": true, 
        "added": "c1c8a58e-f279-4633-a5a8-d1bbf3e2bb05.added", 
        "pruningThresholds": [], 
        "order": 3
    }, 
    "Property": {
        "vanilla": "0091085a-0dcf-447a-a062-1dfc9b5cd5fa.vanilla", 
        "ngram": true, 
        "added": "0091085a-0dcf-447a-a062-1dfc9b5cd5fa.added", 
        "pruningThresholds": [], 
        "order": 3
    }, 
    "snips/datetime": {
        "vanilla": "ee7d0cc5-7c9c-43a3-abb2-d8ceaba8d1ba.vanilla", 
        "ngram": false, 
        "added": "ee7d0cc5-7c9c-43a3-abb2-d8ceaba8d1ba.added", 
        "pruningThresholds": [], 
        "order": 0
    }
}