{
    "snips/duration": {
        "vanilla": "173bef8d-c272-422a-a7b4-07feb55d0bc3.vanilla", 
        "ngram": false, 
        "added": "173bef8d-c272-422a-a7b4-07feb55d0bc3.added", 
        "pruningThresholds": [], 
        "order": 0
    }, 
    "snips/ordinal": {
        "vanilla": "d0930a2a-1b38-4740-bbb0-d0c82af9c3ea.vanilla", 
        "ngram": false, 
        "added": "d0930a2a-1b38-4740-bbb0-d0c82af9c3ea.added", 
        "pruningThresholds": [], 
        "order": 0
    }, 
    "string": {
        "vanilla": "31e546d7-4938-439f-b521-b2e391ea057d.vanilla", 
        "ngram": true, 
        "added": "31e546d7-4938-439f-b521-b2e391ea057d.added", 
        "pruningThresholds": [], 
        "order": 3
    }, 
    "space": {
        "vanilla": "0d1100b0-ca9b-473c-b348-ca922ce7cdb3.vanilla", 
        "ngram": true, 
        "added": "0d1100b0-ca9b-473c-b348-ca922ce7cdb3.added", 
        "pruningThresholds": [], 
        "order": 3
    }, 
    "color": {
        "vanilla": "5c05402c-6101-471d-8b8b-6dad90dbbf2f.vanilla", 
        "ngram": true, 
        "added": "5c05402c-6101-471d-8b8b-6dad90dbbf2f.added", 
        "pruningThresholds": [], 
        "order": 3
    }, 
    "pleasantries": {
        "vanilla": "19e4735b-5a4a-4fdf-bc04-319bc895b322.vanilla", 
        "ngram": true, 
        "added": "19e4735b-5a4a-4fdf-bc04-319bc895b322.added", 
        "pruningThresholds": [], 
        "order": 3
    }, 
    "period": {
        "vanilla": "5172e9ab-cc0a-4e2c-ad99-c9d90b398a84.vanilla", 
        "ngram": true, 
        "added": "5172e9ab-cc0a-4e2c-ad99-c9d90b398a84.added", 
        "pruningThresholds": [], 
        "order": 3
    }, 
    "snips/number": {
        "vanilla": "ada02ff4-5b36-4f0d-bcc7-88f520d3c351.vanilla", 
        "ngram": false, 
        "added": "ada02ff4-5b36-4f0d-bcc7-88f520d3c351.added", 
        "pruningThresholds": [], 
        "order": 0
    }, 
    "timer_last": {
        "vanilla": "963443ec-aa2c-4885-85c5-118a6f6f68f4.vanilla", 
        "ngram": true, 
        "added": "963443ec-aa2c-4885-85c5-118a6f6f68f4.added", 
        "pruningThresholds": [], 
        "order": 3
    }, 
    "Thing": {
        "vanilla": "ee2613cb-6caf-47cd-b62a-4a09c31ad6b8.vanilla", 
        "ngram": true, 
        "added": "ee2613cb-6caf-47cd-b62a-4a09c31ad6b8.added", 
        "pruningThresholds": [], 
        "order": 3
    }, 
    "snips/percentage": {
        "vanilla": "312fc6d8-bfe8-41d4-9885-1bacb9372861.vanilla", 
        "ngram": false, 
        "added": "312fc6d8-bfe8-41d4-9885-1bacb9372861.added", 
        "pruningThresholds": [], 
        "order": 0
    }, 
    "special_time": {
        "vanilla": "620d9c4a-09da-4098-a93d-7d0065d0b736.vanilla", 
        "ngram": true, 
        "added": "620d9c4a-09da-4098-a93d-7d0065d0b736.added", 
        "pruningThresholds": [], 
        "order": 3
    }, 
    "timer_type": {
        "vanilla": "5e2ec25e-5e4c-43e0-ac5b-9ffae9691618.vanilla", 
        "ngram": true, 
        "added": "5e2ec25e-5e4c-43e0-ac5b-9ffae9691618.added", 
        "pruningThresholds": [], 
        "order": 3
    }, 
    "boolean": {
        "vanilla": "894bdef8-cdbe-4e95-bc1f-4e1ebd9be511.vanilla", 
        "ngram": true, 
        "added": "894bdef8-cdbe-4e95-bc1f-4e1ebd9be511.added", 
        "pruningThresholds": [], 
        "order": 3
    }, 
    "Property": {
        "vanilla": "5dd58f1c-5e02-4487-9b5e-0573e0d90edf.vanilla", 
        "ngram": true, 
        "added": "5dd58f1c-5e02-4487-9b5e-0573e0d90edf.added", 
        "pruningThresholds": [], 
        "order": 3
    }, 
    "snips/datetime": {
        "vanilla": "fbd9ca45-d195-448c-ac4a-e6e79b2a074c.vanilla", 
        "ngram": false, 
        "added": "fbd9ca45-d195-448c-ac4a-e6e79b2a074c.added", 
        "pruningThresholds": [], 
        "order": 0
    }
}