{
    "snips/duration": {
        "vanilla": "4a33be79-026f-4538-9ff2-733a5e460c98.vanilla", 
        "ngram": false, 
        "added": "4a33be79-026f-4538-9ff2-733a5e460c98.added", 
        "pruningThresholds": [], 
        "order": 0
    }, 
    "snips/ordinal": {
        "vanilla": "78f6722b-3c21-4087-87b2-34522f210b33.vanilla", 
        "ngram": false, 
        "added": "78f6722b-3c21-4087-87b2-34522f210b33.added", 
        "pruningThresholds": [], 
        "order": 0
    }, 
    "string": {
        "vanilla": "9dec6f72-09cf-4d60-b1fe-6cbe6d697d5e.vanilla", 
        "ngram": true, 
        "added": "9dec6f72-09cf-4d60-b1fe-6cbe6d697d5e.added", 
        "pruningThresholds": [], 
        "order": 3
    }, 
    "space": {
        "vanilla": "f0ed73a9-1a4f-41de-b843-9d76ad498bb5.vanilla", 
        "ngram": true, 
        "added": "f0ed73a9-1a4f-41de-b843-9d76ad498bb5.added", 
        "pruningThresholds": [], 
        "order": 3
    }, 
    "color": {
        "vanilla": "55ce6a07-126a-464b-8baa-580d3378eece.vanilla", 
        "ngram": true, 
        "added": "55ce6a07-126a-464b-8baa-580d3378eece.added", 
        "pruningThresholds": [], 
        "order": 3
    }, 
    "pleasantries": {
        "vanilla": "50e2156b-a01b-42fe-9430-41d3b154f2fb.vanilla", 
        "ngram": true, 
        "added": "50e2156b-a01b-42fe-9430-41d3b154f2fb.added", 
        "pruningThresholds": [], 
        "order": 3
    }, 
    "period": {
        "vanilla": "dcd6ba71-0e9d-4d7c-92f4-f838e3a7bccf.vanilla", 
        "ngram": true, 
        "added": "dcd6ba71-0e9d-4d7c-92f4-f838e3a7bccf.added", 
        "pruningThresholds": [], 
        "order": 3
    }, 
    "snips/number": {
        "vanilla": "8fd58080-f4cd-47ef-ad54-459eedddf884.vanilla", 
        "ngram": false, 
        "added": "8fd58080-f4cd-47ef-ad54-459eedddf884.added", 
        "pruningThresholds": [], 
        "order": 0
    }, 
    "timer_last": {
        "vanilla": "98738667-fea7-4234-87f6-1ba0c2f97563.vanilla", 
        "ngram": true, 
        "added": "98738667-fea7-4234-87f6-1ba0c2f97563.added", 
        "pruningThresholds": [], 
        "order": 3
    }, 
    "Thing": {
        "vanilla": "130cd76b-29ab-4d04-8198-b3782b98e26c.vanilla", 
        "ngram": true, 
        "added": "130cd76b-29ab-4d04-8198-b3782b98e26c.added", 
        "pruningThresholds": [], 
        "order": 3
    }, 
    "snips/percentage": {
        "vanilla": "95205450-6f7f-4ea2-b8dd-33860e432cb4.vanilla", 
        "ngram": false, 
        "added": "95205450-6f7f-4ea2-b8dd-33860e432cb4.added", 
        "pruningThresholds": [], 
        "order": 0
    }, 
    "special_time": {
        "vanilla": "ea395627-1295-4557-8d5e-551ff76f3756.vanilla", 
        "ngram": true, 
        "added": "ea395627-1295-4557-8d5e-551ff76f3756.added", 
        "pruningThresholds": [], 
        "order": 3
    }, 
    "timer_type": {
        "vanilla": "228035f7-6c54-4c06-9328-a920bdd9c8fd.vanilla", 
        "ngram": true, 
        "added": "228035f7-6c54-4c06-9328-a920bdd9c8fd.added", 
        "pruningThresholds": [], 
        "order": 3
    }, 
    "boolean": {
        "vanilla": "efdff1f2-fd63-4016-b61b-11a6b71bc1bc.vanilla", 
        "ngram": true, 
        "added": "efdff1f2-fd63-4016-b61b-11a6b71bc1bc.added", 
        "pruningThresholds": [], 
        "order": 3
    }, 
    "Property": {
        "vanilla": "0a141a96-7bde-40e5-979c-6a68956ab73f.vanilla", 
        "ngram": true, 
        "added": "0a141a96-7bde-40e5-979c-6a68956ab73f.added", 
        "pruningThresholds": [], 
        "order": 3
    }, 
    "snips/datetime": {
        "vanilla": "a35677f2-45b9-4e3b-baa6-d473e19cf3a5.vanilla", 
        "ngram": false, 
        "added": "a35677f2-45b9-4e3b-baa6-d473e19cf3a5.added", 
        "pruningThresholds": [], 
        "order": 0
    }
}