{
    "snips/duration": {
        "vanilla": "ed7db88e-5cd9-48a9-864c-e647c2f88792.vanilla", 
        "ngram": false, 
        "added": "ed7db88e-5cd9-48a9-864c-e647c2f88792.added", 
        "pruningThresholds": [], 
        "order": 0
    }, 
    "snips/ordinal": {
        "vanilla": "23c52367-4013-4c15-8037-19b6d0e00be8.vanilla", 
        "ngram": false, 
        "added": "23c52367-4013-4c15-8037-19b6d0e00be8.added", 
        "pruningThresholds": [], 
        "order": 0
    }, 
    "string": {
        "vanilla": "01ac64f3-8676-4854-814b-df886debb82f.vanilla", 
        "ngram": true, 
        "added": "01ac64f3-8676-4854-814b-df886debb82f.added", 
        "pruningThresholds": [], 
        "order": 3
    }, 
    "space": {
        "vanilla": "977030a8-d6c1-4b30-9da6-0ef83155506f.vanilla", 
        "ngram": true, 
        "added": "977030a8-d6c1-4b30-9da6-0ef83155506f.added", 
        "pruningThresholds": [], 
        "order": 3
    }, 
    "color": {
        "vanilla": "7405451f-79b5-4bb4-83f6-509b6afa4983.vanilla", 
        "ngram": true, 
        "added": "7405451f-79b5-4bb4-83f6-509b6afa4983.added", 
        "pruningThresholds": [], 
        "order": 3
    }, 
    "pleasantries": {
        "vanilla": "f9b6fef7-894d-4e26-8dbb-2de75a1ca770.vanilla", 
        "ngram": true, 
        "added": "f9b6fef7-894d-4e26-8dbb-2de75a1ca770.added", 
        "pruningThresholds": [], 
        "order": 3
    }, 
    "period": {
        "vanilla": "dc557ad2-9298-4786-a45c-c9b2a2bc4ccf.vanilla", 
        "ngram": true, 
        "added": "dc557ad2-9298-4786-a45c-c9b2a2bc4ccf.added", 
        "pruningThresholds": [], 
        "order": 3
    }, 
    "snips/number": {
        "vanilla": "5a3e7b92-1aac-46e8-977f-98982c471100.vanilla", 
        "ngram": false, 
        "added": "5a3e7b92-1aac-46e8-977f-98982c471100.added", 
        "pruningThresholds": [], 
        "order": 0
    }, 
    "timer_last": {
        "vanilla": "f0fad548-b061-4259-8d16-0ff6211756c7.vanilla", 
        "ngram": true, 
        "added": "f0fad548-b061-4259-8d16-0ff6211756c7.added", 
        "pruningThresholds": [], 
        "order": 3
    }, 
    "Thing": {
        "vanilla": "fb54e271-7c04-43b6-ac6b-b32a58589129.vanilla", 
        "ngram": true, 
        "added": "fb54e271-7c04-43b6-ac6b-b32a58589129.added", 
        "pruningThresholds": [], 
        "order": 3
    }, 
    "snips/percentage": {
        "vanilla": "27071a2b-7aaf-4831-bb51-bf938f3d5246.vanilla", 
        "ngram": false, 
        "added": "27071a2b-7aaf-4831-bb51-bf938f3d5246.added", 
        "pruningThresholds": [], 
        "order": 0
    }, 
    "special_time": {
        "vanilla": "3828f0d8-260d-46bc-b8b6-7e554546fc4b.vanilla", 
        "ngram": true, 
        "added": "3828f0d8-260d-46bc-b8b6-7e554546fc4b.added", 
        "pruningThresholds": [], 
        "order": 3
    }, 
    "timer_type": {
        "vanilla": "f254988b-b2a2-4a55-b1f1-3cbf3c64c879.vanilla", 
        "ngram": true, 
        "added": "f254988b-b2a2-4a55-b1f1-3cbf3c64c879.added", 
        "pruningThresholds": [], 
        "order": 3
    }, 
    "boolean": {
        "vanilla": "52fabb4b-7f44-4dc8-821f-92da9d0fbda4.vanilla", 
        "ngram": true, 
        "added": "52fabb4b-7f44-4dc8-821f-92da9d0fbda4.added", 
        "pruningThresholds": [], 
        "order": 3
    }, 
    "Property": {
        "vanilla": "10a84a49-b346-4c4d-b4bc-99c1978b4396.vanilla", 
        "ngram": true, 
        "added": "10a84a49-b346-4c4d-b4bc-99c1978b4396.added", 
        "pruningThresholds": [], 
        "order": 3
    }, 
    "snips/datetime": {
        "vanilla": "c90ac654-8ac6-42cc-be61-8af215355691.vanilla", 
        "ngram": false, 
        "added": "c90ac654-8ac6-42cc-be61-8af215355691.added", 
        "pruningThresholds": [], 
        "order": 0
    }
}